/*
SQLyog Ultimate v12.09 (64 bit)
MySQL - 8.0.13 : Database - ag_admin_v1
*********************************************************************
*/


/*!40101 SET NAMES utf8 */;

/*!40101 SET SQL_MODE=''*/;

/*!40014 SET @OLD_UNIQUE_CHECKS=@@UNIQUE_CHECKS, UNIQUE_CHECKS=0 */;
/*!40014 SET @OLD_FOREIGN_KEY_CHECKS=@@FOREIGN_KEY_CHECKS, FOREIGN_KEY_CHECKS=0 */;
/*!40101 SET @OLD_SQL_MODE=@@SQL_MODE, SQL_MODE='NO_AUTO_VALUE_ON_ZERO' */;
/*!40111 SET @OLD_SQL_NOTES=@@SQL_NOTES, SQL_NOTES=0 */;
CREATE DATABASE /*!32312 IF NOT EXISTS*/`ag_admin_v1` /*!40100 DEFAULT CHARACTER SET utf8mb4 COLLATE utf8mb4_general_ci */;

USE `ag_admin_v1`;

/*Table structure for table `base_dept` */

DROP TABLE IF EXISTS `base_dept`;

CREATE TABLE `base_dept` (
  `id` int(11) NOT NULL AUTO_INCREMENT,
  `dept_code` varchar(50) CHARACTER SET utf8mb4 COLLATE utf8mb4_general_ci DEFAULT NULL COMMENT '部门编码',
  `dept_name` varchar(100) CHARACTER SET utf8mb4 COLLATE utf8mb4_general_ci DEFAULT NULL COMMENT '部门名',
  `org_id` int(11) DEFAULT NULL COMMENT '机构Id',
  `crt_time` datetime DEFAULT NULL,
  `upd_time` datetime DEFAULT NULL,
  `crt_user` varchar(50) COLLATE utf8mb4_general_ci DEFAULT NULL,
  `upd_user` varchar(50) COLLATE utf8mb4_general_ci DEFAULT NULL,
  PRIMARY KEY (`id`)
) ENGINE=InnoDB AUTO_INCREMENT=4 DEFAULT CHARSET=utf8mb4 COLLATE=utf8mb4_general_ci;

/*Data for the table `base_dept` */

insert  into `base_dept`(`id`,`dept_code`,`dept_name`,`org_id`,`crt_time`,`upd_time`,`crt_user`,`upd_user`) values (1,'jsb','技术部',7,'2019-06-02 09:21:59','2019-06-02 09:21:59',NULL,NULL),(2,'yyb','运营部',7,'2019-06-04 23:19:10','2019-06-04 23:19:10',NULL,NULL);

/*Table structure for table `base_element` */

DROP TABLE IF EXISTS `base_element`;

CREATE TABLE `base_element` (
  `id` int(11) NOT NULL AUTO_INCREMENT,
  `code` varchar(255) DEFAULT NULL COMMENT '资源编码',
  `type` varchar(255) DEFAULT NULL COMMENT '资源类型',
  `name` varchar(255) DEFAULT NULL COMMENT '资源名称',
  `uri` varchar(255) DEFAULT NULL COMMENT '资源路径',
  `menu_id` varchar(255) DEFAULT NULL COMMENT '资源关联菜单',
  `parent_id` varchar(255) DEFAULT NULL,
  `path` varchar(2000) DEFAULT NULL COMMENT '资源树状检索路径',
  `method` varchar(10) DEFAULT NULL COMMENT '资源请求类型',
  `description` varchar(255) DEFAULT NULL COMMENT '描述',
  `crt_time` datetime DEFAULT NULL,
  `crt_user` varchar(255) DEFAULT NULL,
  `crt_name` varchar(255) DEFAULT NULL,
  `crt_host` varchar(255) DEFAULT NULL,
  `attr1` varchar(255) DEFAULT NULL,
  `attr2` varchar(255) DEFAULT NULL,
  `attr3` varchar(255) DEFAULT NULL,
  `attr4` varchar(255) DEFAULT NULL,
  `attr5` varchar(255) DEFAULT NULL,
  `attr6` varchar(255) DEFAULT NULL,
  `attr7` varchar(255) DEFAULT NULL,
  `attr8` varchar(255) DEFAULT NULL,
  PRIMARY KEY (`id`)
) ENGINE=InnoDB AUTO_INCREMENT=75 DEFAULT CHARSET=utf8mb4 COLLATE=utf8mb4_general_ci;

/*Data for the table `base_element` */

insert  into `base_element`(`id`,`code`,`type`,`name`,`uri`,`menu_id`,`parent_id`,`path`,`method`,`description`,`crt_time`,`crt_user`,`crt_name`,`crt_host`,`attr1`,`attr2`,`attr3`,`attr4`,`attr5`,`attr6`,`attr7`,`attr8`) values (3,'userManager:btn_add','button','新增','/admin/user','1',NULL,NULL,'POST','',NULL,NULL,NULL,NULL,NULL,NULL,NULL,NULL,NULL,NULL,NULL,NULL),(4,'userManager:btn_edit','button','编辑','/admin/user/{*}','1',NULL,NULL,'PUT','',NULL,NULL,NULL,NULL,NULL,NULL,NULL,NULL,NULL,NULL,NULL,NULL),(5,'userManager:btn_del','button','删除','/admin/user/{*}','1',NULL,NULL,'DELETE','',NULL,NULL,NULL,NULL,NULL,NULL,NULL,NULL,NULL,NULL,NULL,NULL),(9,'menuManager:element','uri','按钮页面','/admin/element','6',NULL,NULL,'GET','',NULL,NULL,NULL,NULL,NULL,NULL,NULL,NULL,NULL,NULL,NULL,NULL),(10,'menuManager:btn_add','button','新增','/admin/menu/{*}','6',NULL,NULL,'POST','',NULL,NULL,NULL,NULL,NULL,NULL,NULL,NULL,NULL,NULL,NULL,NULL),(11,'menuManager:btn_edit','button','编辑','/admin/menu/{*}','6','','','PUT','','2017-06-24 00:00:00','','','','','','','','','','',''),(12,'menuManager:btn_del','button','删除','/admin/menu/{*}','6','','','DELETE','','2017-06-24 00:00:00','','','','','','','','','','',''),(13,'menuManager:btn_element_add','button','新增元素','/admin/element','6',NULL,NULL,'POST','',NULL,NULL,NULL,NULL,NULL,NULL,NULL,NULL,NULL,NULL,NULL,NULL),(14,'menuManager:btn_element_edit','button','编辑元素','/admin/element/{*}','6',NULL,NULL,'PUT','',NULL,NULL,NULL,NULL,NULL,NULL,NULL,NULL,NULL,NULL,NULL,NULL),(15,'menuManager:btn_element_del','button','删除元素','/admin/element/{*}','6',NULL,NULL,'DELETE','',NULL,NULL,NULL,NULL,NULL,NULL,NULL,NULL,NULL,NULL,NULL,NULL),(16,'groupManager:btn_add','button','新增','/admin/group','7',NULL,NULL,'POST','',NULL,NULL,NULL,NULL,NULL,NULL,NULL,NULL,NULL,NULL,NULL,NULL),(17,'groupManager:btn_edit','button','编辑','/admin/group/{*}','7',NULL,NULL,'PUT','',NULL,NULL,NULL,NULL,NULL,NULL,NULL,NULL,NULL,NULL,NULL,NULL),(18,'groupManager:btn_del','button','删除','/admin/group/{*}','7',NULL,NULL,'DELETE','',NULL,NULL,NULL,NULL,NULL,NULL,NULL,NULL,NULL,NULL,NULL,NULL),(19,'groupManager:btn_userManager','button','分配用户','/admin/group/{*}/user','7',NULL,NULL,'PUT','',NULL,NULL,NULL,NULL,NULL,NULL,NULL,NULL,NULL,NULL,NULL,NULL),(20,'groupManager:btn_resourceManager','button','分配权限','/admin/group/{*}/authority','7',NULL,NULL,'GET','',NULL,NULL,NULL,NULL,NULL,NULL,NULL,NULL,NULL,NULL,NULL,NULL),(21,'groupManager:menu','uri','分配菜单','/admin/group/{*}/authority/menu','7',NULL,NULL,'POST','',NULL,NULL,NULL,NULL,NULL,NULL,NULL,NULL,NULL,NULL,NULL,NULL),(22,'groupManager:element','uri','分配资源','/admin/group/{*}/authority/element','7',NULL,NULL,'POST','',NULL,NULL,NULL,NULL,NULL,NULL,NULL,NULL,NULL,NULL,NULL,NULL),(23,'userManager:view','uri','查看','/admin/user/{*}','1','','','GET','','2017-06-26 00:00:00','','','','','','','','','','',''),(24,'menuManager:view','uri','查看','/admin/menu/{*}','6','','','GET','','2017-06-26 00:00:00','','','','','','','','','','',''),(27,'menuManager:element_view','uri','查看','/admin/element/{*}','6',NULL,NULL,'GET',NULL,NULL,NULL,NULL,NULL,NULL,NULL,NULL,NULL,NULL,NULL,NULL,NULL),(28,'groupManager:view','uri','查看','/admin/group/{*}','7',NULL,NULL,'GET',NULL,NULL,NULL,NULL,NULL,NULL,NULL,NULL,NULL,NULL,NULL,NULL,NULL),(32,'groupTypeManager:view','uri','查看','/admin/groupType/{*}','8',NULL,NULL,'GET','',NULL,NULL,NULL,NULL,NULL,NULL,NULL,NULL,NULL,NULL,NULL,NULL),(33,'groupTypeManager:btn_add','button','新增','/admin/groupType','8',NULL,NULL,'POST',NULL,NULL,NULL,NULL,NULL,NULL,NULL,NULL,NULL,NULL,NULL,NULL,NULL),(34,'groupTypeManager:btn_edit','button','编辑','/admin/groupType/{*}','8',NULL,NULL,'PUT',NULL,NULL,NULL,NULL,NULL,NULL,NULL,NULL,NULL,NULL,NULL,NULL,NULL),(35,'groupTypeManager:btn_del','button','删除','/admin/groupType/{*}','8',NULL,NULL,'DELETE',NULL,NULL,NULL,NULL,NULL,NULL,NULL,NULL,NULL,NULL,NULL,NULL,NULL),(41,'gateLogManager:view','button','查看','/admin/gateLog','27',NULL,NULL,'GET','','2017-07-01 00:00:00','1','admin','0:0:0:0:0:0:0:1',NULL,NULL,NULL,NULL,NULL,NULL,NULL,NULL),(42,'serviceManager:view','URI','查看','/auth/service/{*}','30',NULL,NULL,'GET',NULL,'2017-12-26 20:17:42','1','Mr.AG','127.0.0.1',NULL,NULL,NULL,NULL,NULL,NULL,NULL,NULL),(43,'serviceManager:btn_add','button','新增','/auth/service','30',NULL,NULL,'POST',NULL,NULL,NULL,NULL,NULL,NULL,NULL,NULL,NULL,NULL,NULL,NULL,NULL),(44,'serviceManager:btn_edit','button','编辑','/auth/service/{*}','30',NULL,NULL,'PUT',NULL,NULL,NULL,NULL,NULL,NULL,NULL,NULL,NULL,NULL,NULL,NULL,NULL),(45,'serviceManager:btn_del','button','删除','/auth/service/{*}','30',NULL,NULL,'DELETE',NULL,NULL,NULL,NULL,NULL,NULL,NULL,NULL,NULL,NULL,NULL,NULL,NULL),(46,'serviceManager:btn_clientManager','button','服务授权','/auth/service/{*}/client','30',NULL,NULL,'POST',NULL,'2017-12-30 16:32:48','1','Mr.AG','127.0.0.1',NULL,NULL,NULL,NULL,NULL,NULL,NULL,NULL),(47,'roleManager:btn_add','button','新增','/admin/role','38',NULL,NULL,'POST',NULL,'2019-06-01 14:44:48','1','admin','192.168.1.7',NULL,NULL,NULL,NULL,NULL,NULL,NULL,NULL),(48,'roleManager:btn_edit','button','编辑','/admin/role/{*}','38',NULL,NULL,'PUT',NULL,'2019-06-01 14:45:42','1','admin','192.168.1.7',NULL,NULL,NULL,NULL,NULL,NULL,NULL,NULL),(49,'roleManager:btn_del','button','删除','/admin/role/{*}','38',NULL,NULL,'DELETE',NULL,'2019-06-01 14:46:24','1','admin','192.168.1.7',NULL,NULL,NULL,NULL,NULL,NULL,NULL,NULL),(50,'roleManager:btn_view','uri','查看','/admin/role/{*}','38',NULL,NULL,'GET',NULL,'2019-06-01 14:47:01','1','admin','192.168.1.7',NULL,NULL,NULL,NULL,NULL,NULL,NULL,NULL),(51,'orgManager:btn_add','button','新增','/admin/org','39',NULL,NULL,'POST',NULL,'2019-06-01 15:42:06','1','admin','192.168.1.7',NULL,NULL,NULL,NULL,NULL,NULL,NULL,NULL),(52,'orgManager:btn_edit','button','编辑','/admin/org/{*}','39',NULL,NULL,'PUT',NULL,'2019-06-01 15:42:31','1','admin','192.168.1.7',NULL,NULL,NULL,NULL,NULL,NULL,NULL,NULL),(53,'orgManager:btn_del','button','删除','/admin/org/{*}','39',NULL,NULL,'DELETE',NULL,'2019-06-01 15:42:58','1','admin','192.168.1.7',NULL,NULL,NULL,NULL,NULL,NULL,NULL,NULL),(54,'orgManager:btn_view','uri','查看','/admin/org/{*}','39',NULL,NULL,'GET',NULL,'2019-06-01 15:43:18','1','admin','192.168.1.7',NULL,NULL,NULL,NULL,NULL,NULL,NULL,NULL),(55,'deptManager:btn_add','button','新增','/admin/dept','40',NULL,NULL,'POST',NULL,'2019-06-01 21:06:56','1','admin','192.168.1.7',NULL,NULL,NULL,NULL,NULL,NULL,NULL,NULL),(56,'deptManager:btn_edit','button','编辑','/admin/dept/{*}','40',NULL,NULL,'PUT',NULL,'2019-06-01 21:07:33','1','admin','192.168.1.7',NULL,NULL,NULL,NULL,NULL,NULL,NULL,NULL),(57,'deptManager:btn_del','button','删除','/admin/dept/{*}','40',NULL,NULL,'DELETE',NULL,'2019-06-01 21:07:55','1','admin','192.168.1.7',NULL,NULL,NULL,NULL,NULL,NULL,NULL,NULL),(58,'deptManager:btn_view','uri','查看','/admin/dept/{*}','40',NULL,NULL,'GET',NULL,'2019-06-01 21:08:21','1','admin','192.168.1.7',NULL,NULL,NULL,NULL,NULL,NULL,NULL,NULL),(59,'orderManager:btn_add','button','新增','/record/order','37',NULL,NULL,'POST',NULL,'2019-06-21 08:36:27','1','admin','169.254.19.230',NULL,NULL,NULL,NULL,NULL,NULL,NULL,NULL),(60,'orderManager:btn_edit','button','编辑','/record/order/{*}','37',NULL,NULL,'PUT',NULL,'2019-06-21 08:39:00','1','admin','169.254.19.230',NULL,NULL,NULL,NULL,NULL,NULL,NULL,NULL),(61,'orderManager:btn_del','button','删除','/record/order/{*}','37',NULL,NULL,'DELETE',NULL,'2019-06-21 08:39:44','1','admin','169.254.19.230',NULL,NULL,NULL,NULL,NULL,NULL,NULL,NULL),(62,'orderManager:btn_view','uri','查看','/record/order/{*}','37',NULL,NULL,'GET',NULL,'2019-06-21 08:41:01','1','admin','169.254.19.230',NULL,NULL,NULL,NULL,NULL,NULL,NULL,NULL),(63,'tradeTypeManager:btn_add','button','新增','/record/tradeType','41',NULL,NULL,'POST',NULL,'2019-06-22 10:47:19','1','admin','169.254.19.230',NULL,NULL,NULL,NULL,NULL,NULL,NULL,NULL),(64,'tradeTypeManager:btn_edit','button','编辑','/record/tradeType/{*}','41',NULL,NULL,'PUT',NULL,'2019-06-22 10:53:53','1','admin','169.254.19.230',NULL,NULL,NULL,NULL,NULL,NULL,NULL,NULL),(65,'tradeTypeManager:btn_del','button','删除','/record/tradeType/{*}','41',NULL,NULL,'DELETE',NULL,'2019-06-22 10:54:52','1','admin','169.254.19.230',NULL,NULL,NULL,NULL,NULL,NULL,NULL,NULL),(66,'tradeTypeManager:btn_view','uri','查看','/record/tradeType/{*}','41',NULL,NULL,'GET',NULL,'2019-06-22 10:55:19','1','admin','169.254.19.230',NULL,NULL,NULL,NULL,NULL,NULL,NULL,NULL),(67,'studyManager:btn_add','button','新增','/record/study','42',NULL,NULL,'POST',NULL,'2019-06-23 14:13:12','1','admin','169.254.19.230',NULL,NULL,NULL,NULL,NULL,NULL,NULL,NULL),(68,'studyManager:btn_edit','button','编辑','/record/study{*}','42',NULL,NULL,'PUT',NULL,'2019-06-23 14:13:51','1','admin','169.254.19.230',NULL,NULL,NULL,NULL,NULL,NULL,NULL,NULL),(69,'studyManager:btn_del','button','删除','/record/study/{*}','42',NULL,NULL,'DELETE',NULL,'2019-06-23 14:14:14','1','admin','169.254.19.230',NULL,NULL,NULL,NULL,NULL,NULL,NULL,NULL),(70,'studyManager:btn_view','uri','查看','/record/study/{*}','42',NULL,NULL,'GET',NULL,'2019-06-23 14:14:41','1','admin','169.254.19.230',NULL,NULL,NULL,NULL,NULL,NULL,NULL,NULL),(71,'menstruationManager:btn_add','button','新增','/record/menstruation','43',NULL,NULL,'POST',NULL,'2019-06-23 22:01:09','1','admin','169.254.19.230',NULL,NULL,NULL,NULL,NULL,NULL,NULL,NULL),(72,'menstruationManager:btn_edit','button','编辑','/record/menstruation/{*}','43',NULL,NULL,'PUT',NULL,'2019-06-23 22:02:12','1','admin','169.254.19.230',NULL,NULL,NULL,NULL,NULL,NULL,NULL,NULL),(73,'menstruationManager:btn_del','button','删除','/record/menstruation/{*}','43',NULL,NULL,'DELETE',NULL,'2019-06-23 22:04:51','1','admin','169.254.19.230',NULL,NULL,NULL,NULL,NULL,NULL,NULL,NULL),(74,'menstruationManager:btn_view','uri','查看','/record/menstruation/{*}','43',NULL,NULL,'GET',NULL,'2019-06-23 22:05:16','1','admin','169.254.19.230',NULL,NULL,NULL,NULL,NULL,NULL,NULL,NULL);

/*Table structure for table `base_menu` */

DROP TABLE IF EXISTS `base_menu`;

CREATE TABLE `base_menu` (
  `id` int(11) NOT NULL AUTO_INCREMENT,
  `code` varchar(255) DEFAULT NULL COMMENT '路径编码',
  `title` varchar(255) DEFAULT NULL COMMENT '标题',
  `parent_id` int(11) NOT NULL COMMENT '父级节点',
  `href` varchar(255) DEFAULT NULL COMMENT '资源路径',
  `icon` varchar(255) DEFAULT NULL COMMENT '图标',
  `type` char(10) DEFAULT NULL,
  `order_num` int(11) NOT NULL DEFAULT '0' COMMENT '排序',
  `description` varchar(255) DEFAULT NULL COMMENT '描述',
  `path` varchar(500) DEFAULT NULL COMMENT '菜单上下级关系',
  `enabled` char(1) DEFAULT NULL COMMENT '启用禁用',
  `crt_time` datetime DEFAULT NULL,
  `crt_user` varchar(255) DEFAULT NULL,
  `crt_name` varchar(255) DEFAULT NULL,
  `crt_host` varchar(255) DEFAULT NULL,
  `upd_time` datetime DEFAULT NULL,
  `upd_user` varchar(255) DEFAULT NULL,
  `upd_name` varchar(255) DEFAULT NULL,
  `upd_host` varchar(255) DEFAULT NULL,
  `attr1` varchar(255) DEFAULT NULL,
  `attr2` varchar(255) DEFAULT NULL,
  `attr3` varchar(255) DEFAULT NULL,
  `attr4` varchar(255) DEFAULT NULL,
  `attr5` varchar(255) DEFAULT NULL,
  `attr6` varchar(255) DEFAULT NULL,
  `attr7` varchar(255) DEFAULT NULL,
  `attr8` varchar(255) DEFAULT NULL,
  PRIMARY KEY (`id`)
) ENGINE=InnoDB AUTO_INCREMENT=44 DEFAULT CHARSET=utf8mb4 COLLATE=utf8mb4_general_ci;

/*Data for the table `base_menu` */

insert  into `base_menu`(`id`,`code`,`title`,`parent_id`,`href`,`icon`,`type`,`order_num`,`description`,`path`,`enabled`,`crt_time`,`crt_user`,`crt_name`,`crt_host`,`upd_time`,`upd_user`,`upd_name`,`upd_host`,`attr1`,`attr2`,`attr3`,`attr4`,`attr5`,`attr6`,`attr7`,`attr8`) values (1,'userManager','用户管理',5,'/admin/user','fa-user','menu',0,'','/adminSys/baseManager/userManager',NULL,NULL,NULL,NULL,NULL,'2019-06-17 23:36:25','1','admin','169.254.19.230','_import(\'admin/user/index\')',NULL,NULL,NULL,NULL,NULL,NULL,NULL),(5,'baseManager','基础配置管理',13,'/admin','setting','dirt',0,'','/adminSys/baseManager',NULL,NULL,NULL,NULL,NULL,'2017-09-05 21:46:11','1','Mr.AG','127.0.0.1','Layout',NULL,NULL,NULL,NULL,NULL,NULL,NULL),(6,'menuManager','菜单管理',5,'/admin/menu','category','menu',0,'','/adminSys/baseManager/menuManager',NULL,NULL,NULL,NULL,NULL,'2017-09-05 21:10:25','1','Mr.AG','127.0.0.1','_import(\'admin/menu/index\')',NULL,NULL,NULL,NULL,NULL,NULL,NULL),(7,'groupManager','角色权限管理',5,'/admin/group','group_fill','menu',0,'','/adminSys/baseManager/groupManager',NULL,NULL,NULL,NULL,NULL,'2017-09-05 21:11:34','1','Mr.AG','127.0.0.1','import(\'admin/group/index\')',NULL,NULL,NULL,NULL,NULL,NULL,NULL),(13,'adminSys','权限管理系统',-1,'/base','guanli','dirt',0,'','/adminSys',NULL,NULL,NULL,NULL,NULL,'2019-06-19 22:37:04','1','admin','169.254.19.230','Layout',NULL,NULL,NULL,NULL,NULL,NULL,NULL),(27,'gateLogManager','操作日志',5,'/admin/gateLog','viewlist','menu',0,'','/adminSys/baseManager/gateLogManager',NULL,'2017-07-01 00:00:00','1','admin','0:0:0:0:0:0:0:1','2017-09-05 22:32:55','1','Mr.AG','127.0.0.1','_import(\'admin/gateLog/index\')',NULL,NULL,NULL,NULL,NULL,NULL,NULL),(29,'authManager','服务权限管理',13,'/auth','service','dirt',0,'服务权限管理','/adminSys/authManager',NULL,'2017-12-26 19:54:45','1','Mr.AG','127.0.0.1','2019-01-27 12:42:09','1','admin','127.0.0.1',NULL,NULL,NULL,NULL,NULL,NULL,NULL,NULL),(30,'serviceManager','服务管理',29,'/auth/service','client',NULL,0,'服务管理','/adminSys/authManager/serviceManager',NULL,'2017-12-26 19:56:06','1','Mr.AG','127.0.0.1','2017-12-26 19:56:06','1','Mr.AG','127.0.0.1',NULL,NULL,NULL,NULL,NULL,NULL,NULL,NULL),(31,'monitorManager','监控模块管理',13,'/service','service','dirt',0,NULL,'/adminSys/monitorManager',NULL,'2018-02-25 09:36:35','1','Mr.AG','127.0.0.1','2019-01-27 12:42:13','1','admin','127.0.0.1',NULL,NULL,NULL,NULL,NULL,NULL,NULL,NULL),(32,'serviceEurekaManager','服务注册中心',31,'http://localhost:8848/nacos','client','menu',0,NULL,'/adminSys/monitorManager/serviceEurekaManager',NULL,'2018-02-25 09:37:04','1','Mr.AG','127.0.0.1','2019-01-27 12:14:35','1','admin','127.0.0.1',NULL,NULL,NULL,NULL,NULL,NULL,NULL,NULL),(33,'serviceMonitorManager','服务状态监控',31,'','client','menu',0,NULL,'/adminSys/monitorManager/serviceEurekaManager',NULL,'2018-02-25 09:37:05','1','Mr.AG','127.0.0.1','2019-01-27 12:07:14','1','admin','127.0.0.1',NULL,NULL,NULL,NULL,NULL,NULL,NULL,NULL),(34,'serviceZipkinManager','服务链路监控',31,'','client','menu',0,NULL,'/adminSys/monitorManager/serviceZipkinManager',NULL,'2018-02-25 09:38:05','1','Mr.AG','127.0.0.1','2019-01-27 13:13:33','1','admin','127.0.0.1','2121',NULL,NULL,NULL,NULL,NULL,NULL,NULL),(35,'adminRecord','记账管理系统',-1,'/base','jilu','dirt',0,NULL,'/adminRecord',NULL,'2019-03-10 22:59:24','1','admin','192.168.0.108','2019-06-19 22:37:58','1','admin','169.254.19.230','Layout',NULL,NULL,NULL,NULL,NULL,NULL,NULL),(36,'recordManager','记录生活',35,'/record','denglurizhi','dirt',0,NULL,'/adminRecord/recordManager',NULL,'2019-03-10 23:00:50','1','admin','192.168.0.108','2019-06-19 22:38:35','1','admin','169.254.19.230','Layout',NULL,NULL,NULL,NULL,NULL,NULL,NULL),(37,'orderManager','消费记录',36,'/record/order','category','menu',0,NULL,'/adminRecord/recordManager/recordOrder',NULL,'2019-03-11 22:26:34','1','admin','192.168.0.107','2019-06-22 10:44:26','1','admin','169.254.19.230','_import(\'record/order/index\')',NULL,NULL,NULL,NULL,NULL,NULL,NULL),(39,'orgManager','机构管理',5,'/admin/org','institute','menu',0,NULL,'/adminSys/baseManager/orgManager',NULL,'2019-06-01 15:41:29','1','admin','192.168.1.7','2019-06-17 23:36:11','1','admin','169.254.19.230','_import(\'admin/org/index\')',NULL,NULL,NULL,NULL,NULL,NULL,NULL),(40,'deptManager','部门管理',5,'/admin/dept','bumen','menu',0,NULL,'/adminSys/baseManager/deptManager',NULL,'2019-06-01 21:06:17','1','admin','192.168.1.7','2019-06-17 23:35:52','1','admin','169.254.19.230','_import(\'admin/dept/index\')',NULL,NULL,NULL,NULL,NULL,NULL,NULL),(41,'tradeTypeManager','消费类型',36,'record/tradeType','zhenggaileixing','menu',0,NULL,'/adminRecord/recordManager/tradeTypeManager',NULL,'2019-06-22 10:45:19','1','admin','169.254.19.230','2019-06-23 14:54:25','1','admin','169.254.19.230','_import(\'record/tradetype/index\')',NULL,NULL,NULL,NULL,NULL,NULL,NULL),(42,'studyManager','学习记录',36,'/record/study','xuexi1','menu',0,NULL,'/adminRecord/recordManager/studyManager',NULL,'2019-06-23 14:12:22','1','admin','169.254.19.230','2019-06-23 14:54:15','1','admin','169.254.19.230','_import(\'record/study/index\')',NULL,NULL,NULL,NULL,NULL,NULL,NULL),(43,'menstruationManager','经期记录',36,'/record/menstruation','jingqikaiguan','menu',0,NULL,'/adminRecord/recordManager/menstruationManager',NULL,'2019-06-23 22:00:27','1','admin','169.254.19.230','2019-06-28 14:02:11','1','admin','169.254.19.230','_import(\'record/menstruation/index\')',NULL,NULL,NULL,NULL,NULL,NULL,NULL);

/*Table structure for table `base_org` */

DROP TABLE IF EXISTS `base_org`;

CREATE TABLE `base_org` (
  `id` int(11) NOT NULL AUTO_INCREMENT,
  `org_code` varchar(50) COLLATE utf8mb4_general_ci DEFAULT NULL COMMENT '机构编码',
  `org_name` varchar(100) CHARACTER SET utf8mb4 COLLATE utf8mb4_general_ci DEFAULT NULL COMMENT '机构名',
  `crt_time` datetime DEFAULT NULL,
  `upd_time` datetime DEFAULT NULL,
  `crt_user` varchar(50) COLLATE utf8mb4_general_ci DEFAULT NULL,
  `upd_user` varchar(50) COLLATE utf8mb4_general_ci DEFAULT NULL,
  PRIMARY KEY (`id`)
) ENGINE=InnoDB AUTO_INCREMENT=9 DEFAULT CHARSET=utf8mb4 COLLATE=utf8mb4_general_ci;

/*Data for the table `base_org` */

insert  into `base_org`(`id`,`org_code`,`org_name`,`crt_time`,`upd_time`,`crt_user`,`upd_user`) values (7,'lm','莱米','2019-06-01 21:45:58','2019-06-01 21:45:58',NULL,NULL),(8,'wm','微妙','2019-06-05 21:45:07','2019-06-05 21:45:07',NULL,NULL);

/*Table structure for table `base_resource_authority` */

DROP TABLE IF EXISTS `base_resource_authority`;

CREATE TABLE `base_resource_authority` (
  `id` int(11) NOT NULL AUTO_INCREMENT,
  `authority_id` varchar(255) DEFAULT NULL COMMENT '角色ID',
  `authority_type` varchar(255) DEFAULT NULL COMMENT '角色类型',
  `resource_id` varchar(255) DEFAULT NULL COMMENT '资源ID',
  `resource_type` varchar(255) DEFAULT NULL COMMENT '资源类型',
  `parent_id` varchar(255) DEFAULT NULL,
  `path` varchar(2000) DEFAULT NULL,
  `description` varchar(255) DEFAULT NULL,
  `crt_time` datetime DEFAULT NULL,
  `crt_user` varchar(255) DEFAULT NULL,
  `crt_name` varchar(255) DEFAULT NULL,
  `crt_host` varchar(255) DEFAULT NULL,
  `attr1` varchar(255) DEFAULT NULL,
  `attr2` varchar(255) DEFAULT NULL,
  `attr3` varchar(255) DEFAULT NULL,
  `attr4` varchar(255) DEFAULT NULL,
  `attr5` varchar(255) DEFAULT NULL,
  `attr6` varchar(255) DEFAULT NULL,
  `attr7` varchar(255) DEFAULT NULL,
  `attr8` varchar(255) DEFAULT NULL,
  PRIMARY KEY (`id`)
) ENGINE=InnoDB AUTO_INCREMENT=1575 DEFAULT CHARSET=utf8mb4 COLLATE=utf8mb4_general_ci;

/*Data for the table `base_resource_authority` */

insert  into `base_resource_authority`(`id`,`authority_id`,`authority_type`,`resource_id`,`resource_type`,`parent_id`,`path`,`description`,`crt_time`,`crt_user`,`crt_name`,`crt_host`,`attr1`,`attr2`,`attr3`,`attr4`,`attr5`,`attr6`,`attr7`,`attr8`) values (287,'1','group','5','button','-1',NULL,NULL,NULL,NULL,NULL,NULL,NULL,NULL,NULL,NULL,NULL,NULL,NULL,NULL),(288,'1','group','9','button','-1',NULL,NULL,NULL,NULL,NULL,NULL,NULL,NULL,NULL,NULL,NULL,NULL,NULL,NULL),(289,'1','group','10','button','-1',NULL,NULL,NULL,NULL,NULL,NULL,NULL,NULL,NULL,NULL,NULL,NULL,NULL,NULL),(290,'1','group','11','button','-1',NULL,NULL,NULL,NULL,NULL,NULL,NULL,NULL,NULL,NULL,NULL,NULL,NULL,NULL),(291,'1','group','12','button','-1',NULL,NULL,NULL,NULL,NULL,NULL,NULL,NULL,NULL,NULL,NULL,NULL,NULL,NULL),(294,'1','group','5','button','-1',NULL,NULL,NULL,NULL,NULL,NULL,NULL,NULL,NULL,NULL,NULL,NULL,NULL,NULL),(295,'1','group','9','button','-1',NULL,NULL,NULL,NULL,NULL,NULL,NULL,NULL,NULL,NULL,NULL,NULL,NULL,NULL),(296,'1','group','10','button','-1',NULL,NULL,NULL,NULL,NULL,NULL,NULL,NULL,NULL,NULL,NULL,NULL,NULL,NULL),(297,'1','group','11','button','-1',NULL,NULL,NULL,NULL,NULL,NULL,NULL,NULL,NULL,NULL,NULL,NULL,NULL,NULL),(298,'1','group','12','button','-1',NULL,NULL,NULL,NULL,NULL,NULL,NULL,NULL,NULL,NULL,NULL,NULL,NULL,NULL),(299,'1','group','9','button','-1',NULL,NULL,NULL,NULL,NULL,NULL,NULL,NULL,NULL,NULL,NULL,NULL,NULL,NULL),(300,'1','group','12','button','-1',NULL,NULL,NULL,NULL,NULL,NULL,NULL,NULL,NULL,NULL,NULL,NULL,NULL,NULL),(301,'1','group','10','button','-1',NULL,NULL,NULL,NULL,NULL,NULL,NULL,NULL,NULL,NULL,NULL,NULL,NULL,NULL),(302,'1','group','11','button','-1',NULL,NULL,NULL,NULL,NULL,NULL,NULL,NULL,NULL,NULL,NULL,NULL,NULL,NULL),(303,'1','group','13','button','-1',NULL,NULL,NULL,NULL,NULL,NULL,NULL,NULL,NULL,NULL,NULL,NULL,NULL,NULL),(304,'1','group','14','button','-1',NULL,NULL,NULL,NULL,NULL,NULL,NULL,NULL,NULL,NULL,NULL,NULL,NULL,NULL),(305,'1','group','15','button','-1',NULL,NULL,NULL,NULL,NULL,NULL,NULL,NULL,NULL,NULL,NULL,NULL,NULL,NULL),(306,'1','group','10','button','-1',NULL,NULL,NULL,NULL,NULL,NULL,NULL,NULL,NULL,NULL,NULL,NULL,NULL,NULL),(307,'1','group','11','button','-1',NULL,NULL,NULL,NULL,NULL,NULL,NULL,NULL,NULL,NULL,NULL,NULL,NULL,NULL),(308,'1','group','12','button','-1',NULL,NULL,NULL,NULL,NULL,NULL,NULL,NULL,NULL,NULL,NULL,NULL,NULL,NULL),(309,'1','group','13','button','-1',NULL,NULL,NULL,NULL,NULL,NULL,NULL,NULL,NULL,NULL,NULL,NULL,NULL,NULL),(310,'1','group','14','button','-1',NULL,NULL,NULL,NULL,NULL,NULL,NULL,NULL,NULL,NULL,NULL,NULL,NULL,NULL),(311,'1','group','9','button','-1',NULL,NULL,NULL,NULL,NULL,NULL,NULL,NULL,NULL,NULL,NULL,NULL,NULL,NULL),(312,'1','group','15','button','-1',NULL,NULL,NULL,NULL,NULL,NULL,NULL,NULL,NULL,NULL,NULL,NULL,NULL,NULL),(313,'1','group','16','button','-1',NULL,NULL,NULL,NULL,NULL,NULL,NULL,NULL,NULL,NULL,NULL,NULL,NULL,NULL),(314,'1','group','17','button','-1',NULL,NULL,NULL,NULL,NULL,NULL,NULL,NULL,NULL,NULL,NULL,NULL,NULL,NULL),(315,'1','group','18','button','-1',NULL,NULL,NULL,NULL,NULL,NULL,NULL,NULL,NULL,NULL,NULL,NULL,NULL,NULL),(317,'1','group','20','button','-1',NULL,NULL,NULL,NULL,NULL,NULL,NULL,NULL,NULL,NULL,NULL,NULL,NULL,NULL),(318,'1','group','21','button','-1',NULL,NULL,NULL,NULL,NULL,NULL,NULL,NULL,NULL,NULL,NULL,NULL,NULL,NULL),(319,'1','group','22','button','-1',NULL,NULL,NULL,NULL,NULL,NULL,NULL,NULL,NULL,NULL,NULL,NULL,NULL,NULL),(349,'4','group','9','button','-1',NULL,NULL,NULL,NULL,NULL,NULL,NULL,NULL,NULL,NULL,NULL,NULL,NULL,NULL),(371,'1','group','23','button','-1',NULL,NULL,NULL,NULL,NULL,NULL,NULL,NULL,NULL,NULL,NULL,NULL,NULL,NULL),(372,'1','group','24','button','-1',NULL,NULL,NULL,NULL,NULL,NULL,NULL,NULL,NULL,NULL,NULL,NULL,NULL,NULL),(373,'1','group','27','button','-1',NULL,NULL,NULL,NULL,NULL,NULL,NULL,NULL,NULL,NULL,NULL,NULL,NULL,NULL),(374,'1','group','28','button','-1',NULL,NULL,NULL,NULL,NULL,NULL,NULL,NULL,NULL,NULL,NULL,NULL,NULL,NULL),(375,'1','group','23','button','-1',NULL,NULL,NULL,NULL,NULL,NULL,NULL,NULL,NULL,NULL,NULL,NULL,NULL,NULL),(378,'1','group','5','button','-1',NULL,NULL,NULL,NULL,NULL,NULL,NULL,NULL,NULL,NULL,NULL,NULL,NULL,NULL),(379,'1','group','9','button','-1',NULL,NULL,NULL,NULL,NULL,NULL,NULL,NULL,NULL,NULL,NULL,NULL,NULL,NULL),(380,'1','group','11','button','-1',NULL,NULL,NULL,NULL,NULL,NULL,NULL,NULL,NULL,NULL,NULL,NULL,NULL,NULL),(381,'1','group','14','button','-1',NULL,NULL,NULL,NULL,NULL,NULL,NULL,NULL,NULL,NULL,NULL,NULL,NULL,NULL),(382,'1','group','13','button','-1',NULL,NULL,NULL,NULL,NULL,NULL,NULL,NULL,NULL,NULL,NULL,NULL,NULL,NULL),(383,'1','group','15','button','-1',NULL,NULL,NULL,NULL,NULL,NULL,NULL,NULL,NULL,NULL,NULL,NULL,NULL,NULL),(384,'1','group','12','button','-1',NULL,NULL,NULL,NULL,NULL,NULL,NULL,NULL,NULL,NULL,NULL,NULL,NULL,NULL),(385,'1','group','24','button','-1',NULL,NULL,NULL,NULL,NULL,NULL,NULL,NULL,NULL,NULL,NULL,NULL,NULL,NULL),(386,'1','group','10','button','-1',NULL,NULL,NULL,NULL,NULL,NULL,NULL,NULL,NULL,NULL,NULL,NULL,NULL,NULL),(387,'1','group','27','button','-1',NULL,NULL,NULL,NULL,NULL,NULL,NULL,NULL,NULL,NULL,NULL,NULL,NULL,NULL),(388,'1','group','16','button','-1',NULL,NULL,NULL,NULL,NULL,NULL,NULL,NULL,NULL,NULL,NULL,NULL,NULL,NULL),(389,'1','group','18','button','-1',NULL,NULL,NULL,NULL,NULL,NULL,NULL,NULL,NULL,NULL,NULL,NULL,NULL,NULL),(390,'1','group','17','button','-1',NULL,NULL,NULL,NULL,NULL,NULL,NULL,NULL,NULL,NULL,NULL,NULL,NULL,NULL),(392,'1','group','20','button','-1',NULL,NULL,NULL,NULL,NULL,NULL,NULL,NULL,NULL,NULL,NULL,NULL,NULL,NULL),(393,'1','group','28','button','-1',NULL,NULL,NULL,NULL,NULL,NULL,NULL,NULL,NULL,NULL,NULL,NULL,NULL,NULL),(394,'1','group','22','button','-1',NULL,NULL,NULL,NULL,NULL,NULL,NULL,NULL,NULL,NULL,NULL,NULL,NULL,NULL),(395,'1','group','21','button','-1',NULL,NULL,NULL,NULL,NULL,NULL,NULL,NULL,NULL,NULL,NULL,NULL,NULL,NULL),(396,'4','group','23','button','-1',NULL,NULL,NULL,NULL,NULL,NULL,NULL,NULL,NULL,NULL,NULL,NULL,NULL,NULL),(397,'4','group','9','button','-1',NULL,NULL,NULL,NULL,NULL,NULL,NULL,NULL,NULL,NULL,NULL,NULL,NULL,NULL),(398,'4','group','27','button','-1',NULL,NULL,NULL,NULL,NULL,NULL,NULL,NULL,NULL,NULL,NULL,NULL,NULL,NULL),(399,'4','group','24','button','-1',NULL,NULL,NULL,NULL,NULL,NULL,NULL,NULL,NULL,NULL,NULL,NULL,NULL,NULL),(400,'4','group','28','button','-1',NULL,NULL,NULL,NULL,NULL,NULL,NULL,NULL,NULL,NULL,NULL,NULL,NULL,NULL),(401,'1','group','30','button','-1',NULL,NULL,NULL,NULL,NULL,NULL,NULL,NULL,NULL,NULL,NULL,NULL,NULL,NULL),(402,'1','group','30','button','-1',NULL,NULL,NULL,NULL,NULL,NULL,NULL,NULL,NULL,NULL,NULL,NULL,NULL,NULL),(403,'1','group','31','button','-1',NULL,NULL,NULL,NULL,NULL,NULL,NULL,NULL,NULL,NULL,NULL,NULL,NULL,NULL),(421,'1','group','31','button','-1',NULL,NULL,NULL,NULL,NULL,NULL,NULL,NULL,NULL,NULL,NULL,NULL,NULL,NULL),(422,'1','group','30','button','-1',NULL,NULL,NULL,NULL,NULL,NULL,NULL,NULL,NULL,NULL,NULL,NULL,NULL,NULL),(423,'4','group','31','button','-1',NULL,NULL,NULL,NULL,NULL,NULL,NULL,NULL,NULL,NULL,NULL,NULL,NULL,NULL),(424,'4','group','30','button','-1',NULL,NULL,NULL,NULL,NULL,NULL,NULL,NULL,NULL,NULL,NULL,NULL,NULL,NULL),(436,'1','group','32','button','-1',NULL,NULL,NULL,NULL,NULL,NULL,NULL,NULL,NULL,NULL,NULL,NULL,NULL,NULL),(437,'1','group','33','button','-1',NULL,NULL,NULL,NULL,NULL,NULL,NULL,NULL,NULL,NULL,NULL,NULL,NULL,NULL),(438,'1','group','34','button','-1',NULL,NULL,NULL,NULL,NULL,NULL,NULL,NULL,NULL,NULL,NULL,NULL,NULL,NULL),(439,'1','group','35','button','-1',NULL,NULL,NULL,NULL,NULL,NULL,NULL,NULL,NULL,NULL,NULL,NULL,NULL,NULL),(440,'4','group','32','button','-1',NULL,NULL,NULL,NULL,NULL,NULL,NULL,NULL,NULL,NULL,NULL,NULL,NULL,NULL),(464,'1','group','30','button','-1',NULL,NULL,NULL,NULL,NULL,NULL,NULL,NULL,NULL,NULL,NULL,NULL,NULL,NULL),(465,'1','group','31','button','-1',NULL,NULL,NULL,NULL,NULL,NULL,NULL,NULL,NULL,NULL,NULL,NULL,NULL,NULL),(466,'1','group','30','button','-1',NULL,NULL,NULL,NULL,NULL,NULL,NULL,NULL,NULL,NULL,NULL,NULL,NULL,NULL),(467,'1','group','31','button','-1',NULL,NULL,NULL,NULL,NULL,NULL,NULL,NULL,NULL,NULL,NULL,NULL,NULL,NULL),(468,'1','group','30','button','-1',NULL,NULL,NULL,NULL,NULL,NULL,NULL,NULL,NULL,NULL,NULL,NULL,NULL,NULL),(469,'1','group','31','button','-1',NULL,NULL,NULL,NULL,NULL,NULL,NULL,NULL,NULL,NULL,NULL,NULL,NULL,NULL),(470,'1','group','30','button','-1',NULL,NULL,NULL,NULL,NULL,NULL,NULL,NULL,NULL,NULL,NULL,NULL,NULL,NULL),(471,'1','group','31','button','-1',NULL,NULL,NULL,NULL,NULL,NULL,NULL,NULL,NULL,NULL,NULL,NULL,NULL,NULL),(472,'1','group','40','button','-1',NULL,NULL,NULL,NULL,NULL,NULL,NULL,NULL,NULL,NULL,NULL,NULL,NULL,NULL),(492,'1','group','30','button','-1',NULL,NULL,NULL,NULL,NULL,NULL,NULL,NULL,NULL,NULL,NULL,NULL,NULL,NULL),(493,'1','group','31','button','-1',NULL,NULL,NULL,NULL,NULL,NULL,NULL,NULL,NULL,NULL,NULL,NULL,NULL,NULL),(494,'1','group','40','button','-1',NULL,NULL,NULL,NULL,NULL,NULL,NULL,NULL,NULL,NULL,NULL,NULL,NULL,NULL),(516,'4','group','41','button','-1',NULL,NULL,NULL,NULL,NULL,NULL,NULL,NULL,NULL,NULL,NULL,NULL,NULL,NULL),(517,'4','group','30','button','-1',NULL,NULL,NULL,NULL,NULL,NULL,NULL,NULL,NULL,NULL,NULL,NULL,NULL,NULL),(518,'4','group','31','button','-1',NULL,NULL,NULL,NULL,NULL,NULL,NULL,NULL,NULL,NULL,NULL,NULL,NULL,NULL),(519,'4','group','40','button','-1',NULL,NULL,NULL,NULL,NULL,NULL,NULL,NULL,NULL,NULL,NULL,NULL,NULL,NULL),(611,'4','group','42','button','-1',NULL,NULL,NULL,NULL,NULL,NULL,NULL,NULL,NULL,NULL,NULL,NULL,NULL,NULL),(612,'4','group','36','button','-1',NULL,NULL,NULL,NULL,NULL,NULL,NULL,NULL,NULL,NULL,NULL,NULL,NULL,NULL),(666,'1','group','41','button','-1',NULL,NULL,NULL,NULL,NULL,NULL,NULL,NULL,NULL,NULL,NULL,NULL,NULL,NULL),(689,'1','group','43','button','-1',NULL,NULL,NULL,NULL,NULL,NULL,NULL,NULL,NULL,NULL,NULL,NULL,NULL,NULL),(691,'1','group','44','button','-1',NULL,NULL,NULL,NULL,NULL,NULL,NULL,NULL,NULL,NULL,NULL,NULL,NULL,NULL),(710,'9','group','42','button','-1',NULL,NULL,NULL,NULL,NULL,NULL,NULL,NULL,NULL,NULL,NULL,NULL,NULL,NULL),(711,'9','group','43','button','-1',NULL,NULL,NULL,NULL,NULL,NULL,NULL,NULL,NULL,NULL,NULL,NULL,NULL,NULL),(712,'9','group','44','button','-1',NULL,NULL,NULL,NULL,NULL,NULL,NULL,NULL,NULL,NULL,NULL,NULL,NULL,NULL),(713,'9','group','45','button','-1',NULL,NULL,NULL,NULL,NULL,NULL,NULL,NULL,NULL,NULL,NULL,NULL,NULL,NULL),(718,'9','group','42','button','-1',NULL,NULL,NULL,NULL,NULL,NULL,NULL,NULL,NULL,NULL,NULL,NULL,NULL,NULL),(719,'9','group','44','button','-1',NULL,NULL,NULL,NULL,NULL,NULL,NULL,NULL,NULL,NULL,NULL,NULL,NULL,NULL),(720,'9','group','45','button','-1',NULL,NULL,NULL,NULL,NULL,NULL,NULL,NULL,NULL,NULL,NULL,NULL,NULL,NULL),(721,'9','group','43','button','-1',NULL,NULL,NULL,NULL,NULL,NULL,NULL,NULL,NULL,NULL,NULL,NULL,NULL,NULL),(722,'1','group','41','button','-1',NULL,NULL,NULL,NULL,NULL,NULL,NULL,NULL,NULL,NULL,NULL,NULL,NULL,NULL),(749,'10','group','13','menu','-1',NULL,NULL,NULL,NULL,NULL,NULL,NULL,NULL,NULL,NULL,NULL,NULL,NULL,NULL),(750,'10','group','14','menu','-1',NULL,NULL,NULL,NULL,NULL,NULL,NULL,NULL,NULL,NULL,NULL,NULL,NULL,NULL),(751,'10','group','-1','menu','-1',NULL,NULL,NULL,NULL,NULL,NULL,NULL,NULL,NULL,NULL,NULL,NULL,NULL,NULL),(752,'10','group','5','menu','-1',NULL,NULL,NULL,NULL,NULL,NULL,NULL,NULL,NULL,NULL,NULL,NULL,NULL,NULL),(753,'10','group','6','menu','-1',NULL,NULL,NULL,NULL,NULL,NULL,NULL,NULL,NULL,NULL,NULL,NULL,NULL,NULL),(754,'10','group','17','menu','-1',NULL,NULL,NULL,NULL,NULL,NULL,NULL,NULL,NULL,NULL,NULL,NULL,NULL,NULL),(755,'10','group','20','menu','-1',NULL,NULL,NULL,NULL,NULL,NULL,NULL,NULL,NULL,NULL,NULL,NULL,NULL,NULL),(774,'1','group','3','button','-1',NULL,NULL,NULL,NULL,NULL,NULL,NULL,NULL,NULL,NULL,NULL,NULL,NULL,NULL),(775,'1','group','4','button','-1',NULL,NULL,NULL,NULL,NULL,NULL,NULL,NULL,NULL,NULL,NULL,NULL,NULL,NULL),(812,'1','group','19','button','-1',NULL,NULL,NULL,NULL,NULL,NULL,NULL,NULL,NULL,NULL,NULL,NULL,NULL,NULL),(924,'1','group','42','button','-1',NULL,NULL,NULL,NULL,NULL,NULL,NULL,NULL,NULL,NULL,NULL,NULL,NULL,NULL),(945,'1','group','45','button','-1',NULL,NULL,NULL,NULL,NULL,NULL,NULL,NULL,NULL,NULL,NULL,NULL,NULL,NULL),(956,'1','group','46','button','-1',NULL,NULL,NULL,NULL,NULL,NULL,NULL,NULL,NULL,NULL,NULL,NULL,NULL,NULL),(981,'9','group','23','button','-1',NULL,NULL,NULL,NULL,NULL,NULL,NULL,NULL,NULL,NULL,NULL,NULL,NULL,NULL),(982,'9','group','1','menu','-1',NULL,NULL,NULL,NULL,NULL,NULL,NULL,NULL,NULL,NULL,NULL,NULL,NULL,NULL),(983,'9','group','13','menu','-1',NULL,NULL,NULL,NULL,NULL,NULL,NULL,NULL,NULL,NULL,NULL,NULL,NULL,NULL),(984,'9','group','-1','menu','-1',NULL,NULL,NULL,NULL,NULL,NULL,NULL,NULL,NULL,NULL,NULL,NULL,NULL,NULL),(985,'9','group','5','menu','-1',NULL,NULL,NULL,NULL,NULL,NULL,NULL,NULL,NULL,NULL,NULL,NULL,NULL,NULL),(1019,'4','group','1','menu','-1',NULL,NULL,NULL,NULL,NULL,NULL,NULL,NULL,NULL,NULL,NULL,NULL,NULL,NULL),(1020,'4','group','13','menu','-1',NULL,NULL,NULL,NULL,NULL,NULL,NULL,NULL,NULL,NULL,NULL,NULL,NULL,NULL),(1021,'4','group','-1','menu','-1',NULL,NULL,NULL,NULL,NULL,NULL,NULL,NULL,NULL,NULL,NULL,NULL,NULL,NULL),(1022,'4','group','5','menu','-1',NULL,NULL,NULL,NULL,NULL,NULL,NULL,NULL,NULL,NULL,NULL,NULL,NULL,NULL),(1023,'4','group','27','menu','-1',NULL,NULL,NULL,NULL,NULL,NULL,NULL,NULL,NULL,NULL,NULL,NULL,NULL,NULL),(1024,'4','group','6','menu','-1',NULL,NULL,NULL,NULL,NULL,NULL,NULL,NULL,NULL,NULL,NULL,NULL,NULL,NULL),(1025,'4','group','7','menu','-1',NULL,NULL,NULL,NULL,NULL,NULL,NULL,NULL,NULL,NULL,NULL,NULL,NULL,NULL),(1026,'4','group','8','menu','-1',NULL,NULL,NULL,NULL,NULL,NULL,NULL,NULL,NULL,NULL,NULL,NULL,NULL,NULL),(1063,'1','group','47','button','-1',NULL,NULL,NULL,NULL,NULL,NULL,NULL,NULL,NULL,NULL,NULL,NULL,NULL,NULL),(1082,'1','group','48','button','-1',NULL,NULL,NULL,NULL,NULL,NULL,NULL,NULL,NULL,NULL,NULL,NULL,NULL,NULL),(1083,'1','group','49','button','-1',NULL,NULL,NULL,NULL,NULL,NULL,NULL,NULL,NULL,NULL,NULL,NULL,NULL,NULL),(1084,'1','group','50','button','-1',NULL,NULL,NULL,NULL,NULL,NULL,NULL,NULL,NULL,NULL,NULL,NULL,NULL,NULL),(1122,'1','group','54','button','-1',NULL,NULL,NULL,NULL,NULL,NULL,NULL,NULL,NULL,NULL,NULL,NULL,NULL,NULL),(1202,'1','group','53','button','-1',NULL,NULL,NULL,NULL,NULL,NULL,NULL,NULL,NULL,NULL,NULL,NULL,NULL,NULL),(1204,'1','group','51','button','-1',NULL,NULL,NULL,NULL,NULL,NULL,NULL,NULL,NULL,NULL,NULL,NULL,NULL,NULL),(1282,'1','group','52','button','-1',NULL,NULL,NULL,NULL,NULL,NULL,NULL,NULL,NULL,NULL,NULL,NULL,NULL,NULL),(1323,'1','group','55','button','-1',NULL,NULL,NULL,NULL,NULL,NULL,NULL,NULL,NULL,NULL,NULL,NULL,NULL,NULL),(1364,'1','group','56','button','-1',NULL,NULL,NULL,NULL,NULL,NULL,NULL,NULL,NULL,NULL,NULL,NULL,NULL,NULL),(1365,'1','group','57','button','-1',NULL,NULL,NULL,NULL,NULL,NULL,NULL,NULL,NULL,NULL,NULL,NULL,NULL,NULL),(1386,'1','group','58','button','-1',NULL,NULL,NULL,NULL,NULL,NULL,NULL,NULL,NULL,NULL,NULL,NULL,NULL,NULL),(1435,'7','group','3','button','-1',NULL,NULL,NULL,NULL,NULL,NULL,NULL,NULL,NULL,NULL,NULL,NULL,NULL,NULL),(1436,'7','group','4','button','-1',NULL,NULL,NULL,NULL,NULL,NULL,NULL,NULL,NULL,NULL,NULL,NULL,NULL,NULL),(1437,'7','group','1','menu','-1',NULL,NULL,NULL,NULL,NULL,NULL,NULL,NULL,NULL,NULL,NULL,NULL,NULL,NULL),(1438,'7','group','13','menu','-1',NULL,NULL,NULL,NULL,NULL,NULL,NULL,NULL,NULL,NULL,NULL,NULL,NULL,NULL),(1439,'7','group','-1','menu','-1',NULL,NULL,NULL,NULL,NULL,NULL,NULL,NULL,NULL,NULL,NULL,NULL,NULL,NULL),(1440,'7','group','5','menu','-1',NULL,NULL,NULL,NULL,NULL,NULL,NULL,NULL,NULL,NULL,NULL,NULL,NULL,NULL),(1441,'7','group','27','menu','-1',NULL,NULL,NULL,NULL,NULL,NULL,NULL,NULL,NULL,NULL,NULL,NULL,NULL,NULL),(1442,'7','group','6','menu','-1',NULL,NULL,NULL,NULL,NULL,NULL,NULL,NULL,NULL,NULL,NULL,NULL,NULL,NULL),(1443,'7','group','7','menu','-1',NULL,NULL,NULL,NULL,NULL,NULL,NULL,NULL,NULL,NULL,NULL,NULL,NULL,NULL),(1444,'7','group','29','menu','-1',NULL,NULL,NULL,NULL,NULL,NULL,NULL,NULL,NULL,NULL,NULL,NULL,NULL,NULL),(1455,'8','group','3','button','-1',NULL,NULL,NULL,NULL,NULL,NULL,NULL,NULL,NULL,NULL,NULL,NULL,NULL,NULL),(1458,'8','group','9','button','-1',NULL,NULL,NULL,NULL,NULL,NULL,NULL,NULL,NULL,NULL,NULL,NULL,NULL,NULL),(1459,'8','group','10','button','-1',NULL,NULL,NULL,NULL,NULL,NULL,NULL,NULL,NULL,NULL,NULL,NULL,NULL,NULL),(1460,'8','group','23','button','-1',NULL,NULL,NULL,NULL,NULL,NULL,NULL,NULL,NULL,NULL,NULL,NULL,NULL,NULL),(1461,'8','group','11','button','-1',NULL,NULL,NULL,NULL,NULL,NULL,NULL,NULL,NULL,NULL,NULL,NULL,NULL,NULL),(1462,'8','group','12','button','-1',NULL,NULL,NULL,NULL,NULL,NULL,NULL,NULL,NULL,NULL,NULL,NULL,NULL,NULL),(1463,'8','group','13','button','-1',NULL,NULL,NULL,NULL,NULL,NULL,NULL,NULL,NULL,NULL,NULL,NULL,NULL,NULL),(1464,'8','group','14','button','-1',NULL,NULL,NULL,NULL,NULL,NULL,NULL,NULL,NULL,NULL,NULL,NULL,NULL,NULL),(1465,'8','group','15','button','-1',NULL,NULL,NULL,NULL,NULL,NULL,NULL,NULL,NULL,NULL,NULL,NULL,NULL,NULL),(1466,'8','group','24','button','-1',NULL,NULL,NULL,NULL,NULL,NULL,NULL,NULL,NULL,NULL,NULL,NULL,NULL,NULL),(1467,'8','group','27','button','-1',NULL,NULL,NULL,NULL,NULL,NULL,NULL,NULL,NULL,NULL,NULL,NULL,NULL,NULL),(1468,'1','group','59','button','-1',NULL,NULL,NULL,NULL,NULL,NULL,NULL,NULL,NULL,NULL,NULL,NULL,NULL,NULL),(1469,'1','group','60','button','-1',NULL,NULL,NULL,NULL,NULL,NULL,NULL,NULL,NULL,NULL,NULL,NULL,NULL,NULL),(1470,'1','group','61','button','-1',NULL,NULL,NULL,NULL,NULL,NULL,NULL,NULL,NULL,NULL,NULL,NULL,NULL,NULL),(1471,'1','group','62','button','-1',NULL,NULL,NULL,NULL,NULL,NULL,NULL,NULL,NULL,NULL,NULL,NULL,NULL,NULL),(1491,'1','group','63','button','-1',NULL,NULL,NULL,NULL,NULL,NULL,NULL,NULL,NULL,NULL,NULL,NULL,NULL,NULL),(1492,'1','group','64','button','-1',NULL,NULL,NULL,NULL,NULL,NULL,NULL,NULL,NULL,NULL,NULL,NULL,NULL,NULL),(1493,'1','group','65','button','-1',NULL,NULL,NULL,NULL,NULL,NULL,NULL,NULL,NULL,NULL,NULL,NULL,NULL,NULL),(1494,'1','group','66','button','-1',NULL,NULL,NULL,NULL,NULL,NULL,NULL,NULL,NULL,NULL,NULL,NULL,NULL,NULL),(1515,'1','group','67','button','-1',NULL,NULL,NULL,NULL,NULL,NULL,NULL,NULL,NULL,NULL,NULL,NULL,NULL,NULL),(1516,'1','group','68','button','-1',NULL,NULL,NULL,NULL,NULL,NULL,NULL,NULL,NULL,NULL,NULL,NULL,NULL,NULL),(1517,'1','group','69','button','-1',NULL,NULL,NULL,NULL,NULL,NULL,NULL,NULL,NULL,NULL,NULL,NULL,NULL,NULL),(1518,'1','group','70','button','-1',NULL,NULL,NULL,NULL,NULL,NULL,NULL,NULL,NULL,NULL,NULL,NULL,NULL,NULL),(1519,'1','group','33','menu','-1',NULL,NULL,NULL,NULL,NULL,NULL,NULL,NULL,NULL,NULL,NULL,NULL,NULL,NULL),(1520,'1','group','34','menu','-1',NULL,NULL,NULL,NULL,NULL,NULL,NULL,NULL,NULL,NULL,NULL,NULL,NULL,NULL),(1521,'1','group','13','menu','-1',NULL,NULL,NULL,NULL,NULL,NULL,NULL,NULL,NULL,NULL,NULL,NULL,NULL,NULL),(1522,'1','group','35','menu','-1',NULL,NULL,NULL,NULL,NULL,NULL,NULL,NULL,NULL,NULL,NULL,NULL,NULL,NULL),(1523,'1','group','36','menu','-1',NULL,NULL,NULL,NULL,NULL,NULL,NULL,NULL,NULL,NULL,NULL,NULL,NULL,NULL),(1524,'1','group','37','menu','-1',NULL,NULL,NULL,NULL,NULL,NULL,NULL,NULL,NULL,NULL,NULL,NULL,NULL,NULL),(1525,'1','group','-1','menu','-1',NULL,NULL,NULL,NULL,NULL,NULL,NULL,NULL,NULL,NULL,NULL,NULL,NULL,NULL),(1526,'1','group','27','menu','-1',NULL,NULL,NULL,NULL,NULL,NULL,NULL,NULL,NULL,NULL,NULL,NULL,NULL,NULL),(1527,'1','group','39','menu','-1',NULL,NULL,NULL,NULL,NULL,NULL,NULL,NULL,NULL,NULL,NULL,NULL,NULL,NULL),(1528,'1','group','29','menu','-1',NULL,NULL,NULL,NULL,NULL,NULL,NULL,NULL,NULL,NULL,NULL,NULL,NULL,NULL),(1529,'1','group','1','menu','-1',NULL,NULL,NULL,NULL,NULL,NULL,NULL,NULL,NULL,NULL,NULL,NULL,NULL,NULL),(1530,'1','group','5','menu','-1',NULL,NULL,NULL,NULL,NULL,NULL,NULL,NULL,NULL,NULL,NULL,NULL,NULL,NULL),(1531,'1','group','6','menu','-1',NULL,NULL,NULL,NULL,NULL,NULL,NULL,NULL,NULL,NULL,NULL,NULL,NULL,NULL),(1532,'1','group','7','menu','-1',NULL,NULL,NULL,NULL,NULL,NULL,NULL,NULL,NULL,NULL,NULL,NULL,NULL,NULL),(1533,'1','group','40','menu','-1',NULL,NULL,NULL,NULL,NULL,NULL,NULL,NULL,NULL,NULL,NULL,NULL,NULL,NULL),(1534,'1','group','30','menu','-1',NULL,NULL,NULL,NULL,NULL,NULL,NULL,NULL,NULL,NULL,NULL,NULL,NULL,NULL),(1535,'1','group','41','menu','-1',NULL,NULL,NULL,NULL,NULL,NULL,NULL,NULL,NULL,NULL,NULL,NULL,NULL,NULL),(1536,'1','group','31','menu','-1',NULL,NULL,NULL,NULL,NULL,NULL,NULL,NULL,NULL,NULL,NULL,NULL,NULL,NULL),(1537,'1','group','42','menu','-1',NULL,NULL,NULL,NULL,NULL,NULL,NULL,NULL,NULL,NULL,NULL,NULL,NULL,NULL),(1538,'1','group','32','menu','-1',NULL,NULL,NULL,NULL,NULL,NULL,NULL,NULL,NULL,NULL,NULL,NULL,NULL,NULL),(1539,'1','group','43','menu','-1',NULL,NULL,NULL,NULL,NULL,NULL,NULL,NULL,NULL,NULL,NULL,NULL,NULL,NULL),(1540,'1','group','72','button','-1',NULL,NULL,NULL,NULL,NULL,NULL,NULL,NULL,NULL,NULL,NULL,NULL,NULL,NULL),(1541,'1','group','71','button','-1',NULL,NULL,NULL,NULL,NULL,NULL,NULL,NULL,NULL,NULL,NULL,NULL,NULL,NULL),(1542,'1','group','73','button','-1',NULL,NULL,NULL,NULL,NULL,NULL,NULL,NULL,NULL,NULL,NULL,NULL,NULL,NULL),(1543,'1','group','74','button','-1',NULL,NULL,NULL,NULL,NULL,NULL,NULL,NULL,NULL,NULL,NULL,NULL,NULL,NULL),(1544,'8','group','59','button','-1',NULL,NULL,NULL,NULL,NULL,NULL,NULL,NULL,NULL,NULL,NULL,NULL,NULL,NULL),(1545,'8','group','60','button','-1',NULL,NULL,NULL,NULL,NULL,NULL,NULL,NULL,NULL,NULL,NULL,NULL,NULL,NULL),(1546,'8','group','61','button','-1',NULL,NULL,NULL,NULL,NULL,NULL,NULL,NULL,NULL,NULL,NULL,NULL,NULL,NULL),(1547,'8','group','62','button','-1',NULL,NULL,NULL,NULL,NULL,NULL,NULL,NULL,NULL,NULL,NULL,NULL,NULL,NULL),(1548,'8','group','63','button','-1',NULL,NULL,NULL,NULL,NULL,NULL,NULL,NULL,NULL,NULL,NULL,NULL,NULL,NULL),(1549,'8','group','64','button','-1',NULL,NULL,NULL,NULL,NULL,NULL,NULL,NULL,NULL,NULL,NULL,NULL,NULL,NULL),(1550,'8','group','65','button','-1',NULL,NULL,NULL,NULL,NULL,NULL,NULL,NULL,NULL,NULL,NULL,NULL,NULL,NULL),(1551,'8','group','66','button','-1',NULL,NULL,NULL,NULL,NULL,NULL,NULL,NULL,NULL,NULL,NULL,NULL,NULL,NULL),(1552,'8','group','67','button','-1',NULL,NULL,NULL,NULL,NULL,NULL,NULL,NULL,NULL,NULL,NULL,NULL,NULL,NULL),(1553,'8','group','68','button','-1',NULL,NULL,NULL,NULL,NULL,NULL,NULL,NULL,NULL,NULL,NULL,NULL,NULL,NULL),(1554,'8','group','69','button','-1',NULL,NULL,NULL,NULL,NULL,NULL,NULL,NULL,NULL,NULL,NULL,NULL,NULL,NULL),(1555,'8','group','70','button','-1',NULL,NULL,NULL,NULL,NULL,NULL,NULL,NULL,NULL,NULL,NULL,NULL,NULL,NULL),(1556,'8','group','71','button','-1',NULL,NULL,NULL,NULL,NULL,NULL,NULL,NULL,NULL,NULL,NULL,NULL,NULL,NULL),(1557,'8','group','72','button','-1',NULL,NULL,NULL,NULL,NULL,NULL,NULL,NULL,NULL,NULL,NULL,NULL,NULL,NULL),(1558,'8','group','73','button','-1',NULL,NULL,NULL,NULL,NULL,NULL,NULL,NULL,NULL,NULL,NULL,NULL,NULL,NULL),(1559,'8','group','74','button','-1',NULL,NULL,NULL,NULL,NULL,NULL,NULL,NULL,NULL,NULL,NULL,NULL,NULL,NULL),(1568,'8','group','13','menu','-1',NULL,NULL,NULL,NULL,NULL,NULL,NULL,NULL,NULL,NULL,NULL,NULL,NULL,NULL),(1569,'8','group','35','menu','-1',NULL,NULL,NULL,NULL,NULL,NULL,NULL,NULL,NULL,NULL,NULL,NULL,NULL,NULL),(1570,'8','group','36','menu','-1',NULL,NULL,NULL,NULL,NULL,NULL,NULL,NULL,NULL,NULL,NULL,NULL,NULL,NULL),(1571,'8','group','37','menu','-1',NULL,NULL,NULL,NULL,NULL,NULL,NULL,NULL,NULL,NULL,NULL,NULL,NULL,NULL),(1572,'8','group','-1','menu','-1',NULL,NULL,NULL,NULL,NULL,NULL,NULL,NULL,NULL,NULL,NULL,NULL,NULL,NULL),(1573,'8','group','41','menu','-1',NULL,NULL,NULL,NULL,NULL,NULL,NULL,NULL,NULL,NULL,NULL,NULL,NULL,NULL),(1574,'8','group','42','menu','-1',NULL,NULL,NULL,NULL,NULL,NULL,NULL,NULL,NULL,NULL,NULL,NULL,NULL,NULL);

/*Table structure for table `base_role` */

DROP TABLE IF EXISTS `base_role`;

CREATE TABLE `base_role` (
  `id` int(11) NOT NULL AUTO_INCREMENT,
  `name` varchar(100) COLLATE utf8mb4_general_ci NOT NULL COMMENT '角色名',
  `remarks` varchar(200) COLLATE utf8mb4_general_ci DEFAULT NULL COMMENT '备注',
  `crt_time` datetime DEFAULT NULL,
  `upd_time` datetime DEFAULT NULL,
  `crt_user` varchar(50) COLLATE utf8mb4_general_ci DEFAULT NULL,
  `upd_user` varchar(50) COLLATE utf8mb4_general_ci DEFAULT NULL,
  PRIMARY KEY (`id`)
) ENGINE=InnoDB AUTO_INCREMENT=9 DEFAULT CHARSET=utf8mb4 COLLATE=utf8mb4_general_ci;

/*Data for the table `base_role` */

insert  into `base_role`(`id`,`name`,`remarks`,`crt_time`,`upd_time`,`crt_user`,`upd_user`) values (1,'管理员','最高权限','2019-06-13 11:39:30','2019-06-13 11:42:38',NULL,NULL),(8,'业务员',NULL,'2019-06-13 17:04:35','2019-06-13 17:04:35',NULL,NULL);

/*Table structure for table `base_user` */

DROP TABLE IF EXISTS `base_user`;

CREATE TABLE `base_user` (
  `id` int(11) NOT NULL AUTO_INCREMENT,
  `username` varchar(255) DEFAULT NULL,
  `password` varchar(255) DEFAULT NULL,
  `name` varchar(255) DEFAULT NULL,
  `birthday` varchar(255) DEFAULT NULL,
  `address` varchar(255) DEFAULT NULL,
  `mobile_phone` varchar(255) DEFAULT NULL,
  `tel_phone` varchar(255) DEFAULT NULL,
  `email` varchar(255) DEFAULT NULL,
  `sex` char(1) DEFAULT NULL,
  `type` char(1) DEFAULT NULL,
  `status` char(1) DEFAULT NULL,
  `description` varchar(255) DEFAULT NULL,
  `crt_time` datetime DEFAULT NULL,
  `crt_user` varchar(255) DEFAULT NULL,
  `crt_name` varchar(255) DEFAULT NULL,
  `crt_host` varchar(255) DEFAULT NULL,
  `upd_time` datetime DEFAULT NULL,
  `upd_user` varchar(255) DEFAULT NULL,
  `upd_name` varchar(255) DEFAULT NULL,
  `upd_host` varchar(255) DEFAULT NULL,
  `attr1` varchar(255) DEFAULT NULL,
  `attr2` varchar(255) DEFAULT NULL,
  `attr3` varchar(255) DEFAULT NULL,
  `attr4` varchar(255) DEFAULT NULL,
  `attr5` varchar(255) DEFAULT NULL,
  `attr6` varchar(255) DEFAULT NULL,
  `attr7` varchar(255) DEFAULT NULL,
  `attr8` varchar(255) DEFAULT NULL,
  `dept_id` int(11) DEFAULT NULL,
  `power_group` int(11) DEFAULT NULL,
  PRIMARY KEY (`id`)
) ENGINE=InnoDB AUTO_INCREMENT=14 DEFAULT CHARSET=utf8mb4 COLLATE=utf8mb4_general_ci;

/*Data for the table `base_user` */

insert  into `base_user`(`id`,`username`,`password`,`name`,`birthday`,`address`,`mobile_phone`,`tel_phone`,`email`,`sex`,`type`,`status`,`description`,`crt_time`,`crt_user`,`crt_name`,`crt_host`,`upd_time`,`upd_user`,`upd_name`,`upd_host`,`attr1`,`attr2`,`attr3`,`attr4`,`attr5`,`attr6`,`attr7`,`attr8`,`dept_id`,`power_group`) values (1,'admin','$2a$12$S/yLlj9kzi5Dgsz97H4rAekxrPlk/10eXp1lUJcAVAx.2M9tOpWie','Mr.AG','',NULL,'',NULL,'','男',NULL,NULL,'',NULL,NULL,NULL,NULL,'2019-06-28 14:34:22','1','admin','169.254.19.230',NULL,NULL,NULL,NULL,NULL,NULL,NULL,NULL,1,99),(8,'xxf','$2a$12$LtrPZmv5TmX8KARb.HduLeQ1xOY1DIQN3tD3QK.idssSeJ64RmtpG','谢霆锋',NULL,NULL,NULL,NULL,NULL,'男',NULL,NULL,NULL,'2019-06-13 17:04:19','1','admin','169.254.19.230','2019-06-29 22:29:05','1','admin','169.254.19.230',NULL,NULL,NULL,NULL,NULL,NULL,NULL,NULL,1,3),(10,'ldh','$2a$12$VCOWxqk/QmUFtHDanIC/aupmzCiuY2aefA2tzKK.b43E8YZftIZ..','刘德华',NULL,NULL,NULL,NULL,NULL,'男',NULL,NULL,NULL,'2019-06-13 18:31:47','1','admin','169.254.19.230','2019-06-28 14:34:30','1','admin','169.254.19.230',NULL,NULL,NULL,NULL,NULL,NULL,NULL,NULL,1,1);

/*Table structure for table `base_user_role` */

DROP TABLE IF EXISTS `base_user_role`;

CREATE TABLE `base_user_role` (
  `id` int(11) NOT NULL AUTO_INCREMENT,
  `user_id` int(11) DEFAULT NULL,
  `role_id` int(11) DEFAULT NULL,
  `crt_time` datetime DEFAULT NULL,
  `upd_time` datetime DEFAULT NULL,
  PRIMARY KEY (`id`)
) ENGINE=InnoDB AUTO_INCREMENT=5 DEFAULT CHARSET=utf8mb4 COLLATE=utf8mb4_general_ci;

/*Data for the table `base_user_role` */

insert  into `base_user_role`(`id`,`user_id`,`role_id`,`crt_time`,`upd_time`) values (1,1,1,NULL,NULL),(3,8,8,NULL,NULL),(4,10,8,NULL,NULL);

/*Table structure for table `gate_log` */

DROP TABLE IF EXISTS `gate_log`;

CREATE TABLE `gate_log` (
  `id` int(11) NOT NULL AUTO_INCREMENT COMMENT '序号',
  `menu` varchar(255) DEFAULT NULL COMMENT '菜单',
  `opt` varchar(255) DEFAULT NULL COMMENT '操作',
  `uri` varchar(255) DEFAULT NULL COMMENT '资源路径',
  `crt_time` datetime DEFAULT NULL COMMENT '操作时间',
  `crt_user` varchar(255) DEFAULT NULL COMMENT '操作人ID',
  `crt_name` varchar(255) DEFAULT NULL COMMENT '操作人',
  `crt_host` varchar(255) DEFAULT NULL COMMENT '操作主机',
  `body` text,
  PRIMARY KEY (`id`)
) ENGINE=InnoDB AUTO_INCREMENT=232 DEFAULT CHARSET=utf8mb4 COLLATE=utf8mb4_general_ci;

/*Data for the table `gate_log` */

insert  into `gate_log`(`id`,`menu`,`opt`,`uri`,`crt_time`,`crt_user`,`crt_name`,`crt_host`,`body`) values (1,'菜单管理','新增','/admin/menu','2018-02-25 09:36:35','1','Mr.AG','127.0.0.1',NULL),(2,'菜单管理','新增','/admin/menu','2018-02-25 09:37:04','1','Mr.AG','127.0.0.1',NULL),(3,'菜单管理','新增','/admin/menu','2018-02-25 09:37:04','1','Mr.AG','127.0.0.1',NULL),(4,'菜单管理','编辑','/admin/menu','2018-02-25 09:37:20','1','Mr.AG','127.0.0.1',NULL),(5,'菜单管理','编辑','/admin/menu','2018-02-25 09:37:32','1','Mr.AG','127.0.0.1',NULL),(6,'菜单管理','编辑','/admin/menu','2018-02-25 09:37:35','1','Mr.AG','127.0.0.1',NULL),(7,'菜单管理','编辑','/admin/menu','2018-02-25 09:37:40','1','Mr.AG','127.0.0.1',NULL),(8,'菜单管理','新增','/admin/menu','2018-02-25 09:38:04','1','Mr.AG','127.0.0.1',NULL),(9,'角色权限管理','新增','/admin/group','2018-02-25 09:38:21','1','Mr.AG','127.0.0.1',NULL),(10,'菜单管理','编辑','/admin/menu','2018-02-25 09:38:55','1','Mr.AG','127.0.0.1',NULL),(11,'用户管理','编辑','/admin/user','2018-03-06 11:26:28','1','Mr.AG','127.0.0.1',NULL),(12,'用户管理','编辑','/admin/user','2018-03-06 11:26:34','1','Mr.AG','127.0.0.1',NULL),(13,'用户管理','编辑','/admin/user','2018-03-07 11:21:10','1','Mr.AG','127.0.0.1',NULL),(14,'用户管理','编辑','/admin/user/{*}','2019-01-27 15:33:13','1','Mr.AG','/127.0.0.1:54809','{\"id\":4,\"username\":\"blog\",\"name\":\"Mr.AG(博主)\",\"birthday\":\"\",\"mobilePhone\":\"\",\"email\":\"\",\"sex\":\"男\",\"description\":\"12\",\"updTime\":\"2019-01-27 15:30:14\",\"updUser\":\"1\",\"updName\":\"admin\",\"updHost\":\"127.0.0.1\"}'),(15,'角色权限管理','分配菜单','/admin/group/{*}/authority/menu',NULL,'1','Mr.AG','/127.0.0.1:58945','null'),(16,'角色权限管理','分配菜单','/admin/group/{*}/authority/menu',NULL,'1','Mr.AG','/127.0.0.1:60545','null'),(17,'角色权限管理','分配菜单','/admin/group/{*}/authority/menu',NULL,'1','Mr.AG','/127.0.0.1:60633','null'),(18,'角色权限管理','分配菜单','/admin/group/{*}/authority/menu',NULL,'1','Mr.AG','/127.0.0.1:60936','null'),(19,'角色权限管理','分配菜单','/admin/group/{*}/authority/menu',NULL,'1','Mr.AG','/127.0.0.1:61323','null'),(20,'角色权限管理','分配菜单','/admin/group/{*}/authority/menu',NULL,'1','Mr.AG','/127.0.0.1:62046','null'),(21,'菜单管理','编辑','/admin/menu/{*}',NULL,'1','Mr.AG','/127.0.0.1:63174','null'),(22,'菜单管理','编辑','/admin/menu/{*}',NULL,'1','Mr.AG','/127.0.0.1:63443','null'),(23,'角色权限管理','分配菜单','/admin/group/{*}/authority/menu',NULL,'1','Mr.AG','/127.0.0.1:63575','null'),(24,'菜单管理','编辑','/admin/menu/{*}',NULL,'1','Mr.AG','/127.0.0.1:57906','null'),(25,'菜单管理','编辑','/admin/menu/{*}',NULL,'1','Mr.AG','/127.0.0.1:59441','null'),(26,'菜单管理','编辑','/admin/menu/{*}',NULL,'1','Mr.AG','/127.0.0.1:60367','null'),(27,'用户管理','新增','/admin/user',NULL,'1','Mr.AG','/127.0.0.1:50974','null'),(28,'角色权限管理','分配用户','/admin/group/{*}/user',NULL,'1','Mr.AG','/127.0.0.1:51372','null'),(29,'角色权限管理','新增','/admin/group',NULL,'1','Mr.AG','/127.0.0.1:51121','null'),(30,'角色权限管理','删除','/admin/group/{*}',NULL,'1','Mr.AG','/127.0.0.1:51161','null'),(31,'角色权限管理','新增','/admin/group',NULL,'1','Mr.AG','/127.0.0.1:51296','null'),(32,'角色权限管理','分配用户','/admin/group/{*}/user',NULL,'1','Mr.AG','/127.0.0.1:51383','null'),(33,'角色权限管理','分配菜单','/admin/group/{*}/authority/menu',NULL,'1','Mr.AG','/127.0.0.1:51557','null'),(34,'菜单管理','新增元素','/admin/element','2019-06-01 14:44:48','1','Mr.AG','/127.0.0.1:65139','null'),(35,'菜单管理','新增元素','/admin/element','2019-06-01 14:45:42','1','Mr.AG','/127.0.0.1:65439','null'),(36,'菜单管理','新增元素','/admin/element','2019-06-01 14:46:24','1','Mr.AG','/127.0.0.1:49284','null'),(37,'菜单管理','新增元素','/admin/element','2019-06-01 14:47:01','1','Mr.AG','/127.0.0.1:49488','null'),(38,'角色管理','新增','/admin/role','2019-06-01 15:17:57','1','Mr.AG','/127.0.0.1:59657','null'),(39,'角色管理','新增','/admin/role','2019-06-01 15:19:58','1','Mr.AG','/127.0.0.1:60306','null'),(40,'角色管理','新增','/admin/role','2019-06-01 15:20:53','1','Mr.AG','/127.0.0.1:60644','null'),(41,'角色管理','删除','/admin/role/{*}','2019-06-01 15:22:57','1','Mr.AG','/127.0.0.1:61392','null'),(42,'角色管理','新增','/admin/role','2019-06-01 15:23:10','1','Mr.AG','/127.0.0.1:61473','null'),(43,'角色管理','删除','/admin/role/{*}','2019-06-01 15:23:42','1','Mr.AG','/127.0.0.1:61702','null'),(44,'角色管理','新增','/admin/role','2019-06-01 15:23:49','1','Mr.AG','/127.0.0.1:61741','null'),(45,'角色管理','编辑','/admin/role/{*}','2019-06-01 15:23:55','1','Mr.AG','/127.0.0.1:61783','null'),(46,'角色管理','编辑','/admin/role/{*}','2019-06-01 15:24:00','1','Mr.AG','/127.0.0.1:61818','null'),(47,'角色管理','新增','/admin/role','2019-06-01 15:24:07','1','Mr.AG','/127.0.0.1:61871','null'),(48,'角色管理','新增','/admin/role','2019-06-01 15:24:11','1','Mr.AG','/127.0.0.1:61902','null'),(49,'用户管理','删除','/admin/user/{*}','2019-06-01 15:25:21','1','Mr.AG','/127.0.0.1:62338','null'),(50,'菜单管理','新增元素','/admin/element','2019-06-01 15:42:06','1','Mr.AG','/127.0.0.1:51952','null'),(51,'菜单管理','新增元素','/admin/element','2019-06-01 15:42:31','1','Mr.AG','/127.0.0.1:52099','null'),(52,'菜单管理','新增元素','/admin/element','2019-06-01 15:42:58','1','Mr.AG','/127.0.0.1:52268','null'),(53,'菜单管理','新增元素','/admin/element','2019-06-01 15:43:18','1','Mr.AG','/127.0.0.1:52389','null'),(54,'机构管理','新增','/admin/org','2019-06-01 20:29:16','1','Mr.AG','/127.0.0.1:57332','null'),(55,'机构管理','删除','/admin/org/{*}','2019-06-01 20:42:11','1','Mr.AG','/127.0.0.1:61561','null'),(56,'机构管理','删除','/admin/org/{*}','2019-06-01 20:42:13','1','Mr.AG','/127.0.0.1:61574','null'),(57,'机构管理','删除','/admin/org/{*}','2019-06-01 20:42:14','1','Mr.AG','/127.0.0.1:61594','null'),(58,'机构管理','删除','/admin/org/{*}','2019-06-01 20:42:17','1','Mr.AG','/127.0.0.1:61617','null'),(59,'菜单管理','新增元素','/admin/element','2019-06-01 21:06:56','1','Mr.AG','/127.0.0.1:54243','null'),(60,'菜单管理','新增元素','/admin/element','2019-06-01 21:07:33','1','Mr.AG','/127.0.0.1:54460','null'),(61,'菜单管理','新增元素','/admin/element','2019-06-01 21:07:55','1','Mr.AG','/127.0.0.1:54605','null'),(62,'菜单管理','新增元素','/admin/element','2019-06-01 21:08:21','1','Mr.AG','/127.0.0.1:54764','null'),(63,'机构管理','新增','/admin/org','2019-06-01 21:45:58','1','Mr.AG','/127.0.0.1:52430','null'),(64,'部门管理','新增','/admin/dept','2019-06-02 09:18:01','1','Mr.AG','/127.0.0.1:55655','null'),(65,'部门管理','新增','/admin/dept','2019-06-02 09:21:59','1','Mr.AG','/127.0.0.1:56863','null'),(66,'部门管理','新增','/admin/dept','2019-06-04 23:19:10','1','Mr.AG','/127.0.0.1:57899','null'),(67,'机构管理','新增','/admin/org','2019-06-05 21:45:07','1','Mr.AG','/127.0.0.1:51601','null'),(68,'部门管理','新增','/admin/dept','2019-06-05 21:45:36','1','Mr.AG','/127.0.0.1:51778','null'),(69,'部门管理','编辑','/admin/dept/{*}','2019-06-05 21:45:42','1','Mr.AG','/127.0.0.1:51817','null'),(70,'部门管理','删除','/admin/dept/{*}','2019-06-05 21:45:51','1','Mr.AG','/127.0.0.1:51887','null'),(71,'用户管理','新增','/admin/user','2019-06-05 21:53:54','1','Mr.AG','/127.0.0.1:54690','null'),(72,'角色权限管理','新增','/admin/group','2019-06-08 12:54:02','1','Mr.AG','/127.0.0.1:52202','null'),(73,'角色权限管理','分配用户','/admin/group/{*}/user','2019-06-08 12:55:03','1','Mr.AG','/127.0.0.1:52702','null'),(74,'角色权限管理','分配用户','/admin/group/{*}/user','2019-06-08 12:55:17','1','Mr.AG','/127.0.0.1:52807','null'),(75,'角色权限管理','新增','/admin/group','2019-06-08 13:14:44','1','Mr.AG','/127.0.0.1:59387','null'),(76,'角色权限管理','新增','/admin/group','2019-06-08 14:08:21','1','Mr.AG','/127.0.0.1:54312','null'),(77,'角色权限管理','新增','/admin/group','2019-06-08 14:19:09','1','Mr.AG','/127.0.0.1:57887','null'),(78,'角色权限管理','新增','/admin/group','2019-06-08 14:19:31','1','Mr.AG','/127.0.0.1:58012','null'),(79,'角色管理','新增','/admin/role','2019-06-08 14:20:41','1','Mr.AG','/127.0.0.1:58430','null'),(80,'角色管理','新增','/admin/role','2019-06-13 11:39:30','1','Mr.AG','/127.0.0.1:63545','null'),(81,'角色权限管理','编辑','/admin/group/{*}','2019-06-13 11:42:03','1','Mr.AG','/127.0.0.1:64434','null'),(82,'角色管理','编辑','/admin/role/{*}','2019-06-13 11:42:38','1','Mr.AG','/127.0.0.1:64672','null'),(83,'角色管理','删除','/admin/role/{*}','2019-06-13 11:42:43','1','Mr.AG','/127.0.0.1:64717','null'),(84,'菜单管理','删除','/admin/menu/{*}','2019-06-13 12:01:33','1','Mr.AG','/127.0.0.1:54856','null'),(85,'菜单管理','删除','/admin/menu/{*}','2019-06-13 12:01:38','1','Mr.AG','/127.0.0.1:54899','null'),(86,'角色权限管理','分配用户','/admin/group/{*}/user','2019-06-13 15:02:00','1','Mr.AG','/127.0.0.1:54002','null'),(87,'用户管理','删除','/admin/user/{*}','2019-06-13 15:09:34','1','Mr.AG','/127.0.0.1:56585','null'),(88,'用户管理','删除','/admin/user/{*}','2019-06-13 15:09:36','1','Mr.AG','/127.0.0.1:56610','null'),(89,'用户管理','删除','/admin/user/{*}','2019-06-13 15:09:38','1','Mr.AG','/127.0.0.1:56625','null'),(90,'用户管理','删除','/admin/user/{*}','2019-06-13 15:09:43','1','Mr.AG','/127.0.0.1:56653','null'),(91,'用户管理','新增','/admin/user','2019-06-13 17:04:19','1','Mr.AG','/127.0.0.1:62171','null'),(92,'用户管理','新增','/admin/user','2019-06-13 18:25:39','1','Mr.AG','/127.0.0.1:57640','null'),(93,'用户管理','删除','/admin/user/{*}','2019-06-13 18:31:31','1','Mr.AG','/127.0.0.1:59644','null'),(94,'用户管理','新增','/admin/user','2019-06-13 18:31:47','1','Mr.AG','/127.0.0.1:59736','null'),(95,'用户管理','新增','/admin/user','2019-06-13 18:32:13','1','Mr.AG','/127.0.0.1:59903','null'),(96,'用户管理','新增','/admin/user','2019-06-13 18:36:01','1','Mr.AG','/127.0.0.1:61214','null'),(97,'用户管理','新增','/admin/user','2019-06-13 18:37:42','1','Mr.AG','/127.0.0.1:61786','null'),(98,'菜单管理','编辑','/admin/menu/{*}','2019-06-15 23:43:34','1','Mr.AG','/127.0.0.1:63698','null'),(99,'菜单管理','编辑','/admin/menu/{*}','2019-06-15 23:44:12','1','Mr.AG','/127.0.0.1:63938','null'),(100,'菜单管理','编辑','/admin/menu/{*}','2019-06-15 23:45:26','1','Mr.AG','/127.0.0.1:64442','null'),(101,'菜单管理','编辑','/admin/menu/{*}','2019-06-15 23:49:21','1','Mr.AG','/127.0.0.1:49503','null'),(102,'菜单管理','编辑','/admin/menu/{*}','2019-06-15 23:59:16','1','Mr.AG','/127.0.0.1:53117','null'),(103,'菜单管理','编辑','/admin/menu/{*}','2019-06-15 23:59:31','1','Mr.AG','/127.0.0.1:53226','null'),(104,'菜单管理','编辑','/admin/menu/{*}','2019-06-16 00:07:58','1','Mr.AG','/127.0.0.1:56350','null'),(105,'菜单管理','编辑','/admin/menu/{*}','2019-06-16 00:08:27','1','Mr.AG','/127.0.0.1:56564','null'),(106,'菜单管理','编辑','/admin/menu/{*}','2019-06-16 00:21:34','1','Mr.AG','/127.0.0.1:61153','null'),(107,'菜单管理','编辑','/admin/menu/{*}','2019-06-16 00:23:28','1','Mr.AG','/127.0.0.1:61897','null'),(108,'菜单管理','编辑','/admin/menu/{*}','2019-06-16 00:24:41','1','Mr.AG','/127.0.0.1:62380','null'),(109,'用户管理','删除','/admin/user/{*}','2019-06-17 23:21:35','1','Mr.AG','/127.0.0.1:60957','null'),(110,'用户管理','删除','/admin/user/{*}','2019-06-17 23:21:38','1','Mr.AG','/127.0.0.1:60979','null'),(111,'用户管理','删除','/admin/user/{*}','2019-06-17 23:21:39','1','Mr.AG','/127.0.0.1:60994','null'),(112,'菜单管理','编辑','/admin/menu/{*}','2019-06-17 23:25:19','1','Mr.AG','/127.0.0.1:62271','null'),(113,'菜单管理','编辑','/admin/menu/{*}','2019-06-17 23:29:13','1','Mr.AG','/127.0.0.1:63719','null'),(114,'菜单管理','编辑','/admin/menu/{*}','2019-06-17 23:32:26','1','Mr.AG','/127.0.0.1:64939','null'),(115,'菜单管理','编辑','/admin/menu/{*}','2019-06-17 23:32:37','1','Mr.AG','/127.0.0.1:65024','null'),(116,'菜单管理','编辑','/admin/menu/{*}','2019-06-17 23:34:06','1','Mr.AG','/127.0.0.1:49236','null'),(117,'菜单管理','编辑','/admin/menu/{*}','2019-06-17 23:35:52','1','Mr.AG','/127.0.0.1:49928','null'),(118,'菜单管理','编辑','/admin/menu/{*}','2019-06-17 23:36:11','1','Mr.AG','/127.0.0.1:50067','null'),(119,'菜单管理','编辑','/admin/menu/{*}','2019-06-17 23:36:25','1','Mr.AG','/127.0.0.1:50180','null'),(120,'菜单管理','编辑','/admin/menu/{*}','2019-06-19 22:36:36','1','Mr.AG','/127.0.0.1:64421','null'),(121,'菜单管理','编辑','/admin/menu/{*}','2019-06-19 22:37:04','1','Mr.AG','/127.0.0.1:64580','null'),(122,'菜单管理','编辑','/admin/menu/{*}','2019-06-19 22:37:45','1','Mr.AG','/127.0.0.1:64812','null'),(123,'菜单管理','编辑','/admin/menu/{*}','2019-06-19 22:37:58','1','Mr.AG','/127.0.0.1:64901','null'),(124,'菜单管理','编辑','/admin/menu/{*}','2019-06-19 22:38:35','1','Mr.AG','/127.0.0.1:65097','null'),(125,'菜单管理','编辑','/admin/menu/{*}','2019-06-20 21:52:22','1','Mr.AG','/127.0.0.1:49760','null'),(126,'服务管理','新增','/auth/service','2019-06-20 22:43:11','1','Mr.AG','/127.0.0.1:49743','null'),(127,'菜单管理','新增元素','/admin/element','2019-06-21 08:36:27','1','Mr.AG','/127.0.0.1:52287','null'),(128,'菜单管理','编辑元素','/admin/element/{*}','2019-06-21 08:37:42','1','Mr.AG','/127.0.0.1:52828','null'),(129,'菜单管理','新增元素','/admin/element','2019-06-21 08:39:00','1','Mr.AG','/127.0.0.1:53367','null'),(130,'菜单管理','新增元素','/admin/element','2019-06-21 08:39:44','1','Mr.AG','/127.0.0.1:53675','null'),(131,'菜单管理','新增元素','/admin/element','2019-06-21 08:41:01','1','Mr.AG','/127.0.0.1:54207','null'),(132,'菜单管理','编辑','/admin/menu/{*}','2019-06-22 10:44:26','1','Mr.AG','/127.0.0.1:62083','null'),(133,'菜单管理','编辑','/admin/menu/{*}','2019-06-22 10:45:32','1','Mr.AG','/127.0.0.1:62606','null'),(134,'菜单管理','新增元素','/admin/element','2019-06-22 10:47:19','1','Mr.AG','/127.0.0.1:63405','null'),(135,'菜单管理','新增元素','/admin/element','2019-06-22 10:53:53','1','Mr.AG','/127.0.0.1:49942','null'),(136,'菜单管理','编辑元素','/admin/element/{*}','2019-06-22 10:53:58','1','Mr.AG','/127.0.0.1:49988','null'),(137,'菜单管理','新增元素','/admin/element','2019-06-22 10:54:52','1','Mr.AG','/127.0.0.1:50381','null'),(138,'菜单管理','新增元素','/admin/element','2019-06-22 10:55:19','1','Mr.AG','/127.0.0.1:50583','null'),(139,'消费记录','新增','/record/order','2019-06-22 22:53:14','1','Mr.AG','/127.0.0.1:61475','null'),(140,'消费记录','删除','/record/order/{*}','2019-06-22 22:53:58','1','Mr.AG','/127.0.0.1:61795','null'),(141,'消费记录','新增','/record/order','2019-06-22 23:24:16','1','Mr.AG','/127.0.0.1:58194','null'),(142,'消费记录','新增','/record/order','2019-06-22 23:27:08','1','Mr.AG','/127.0.0.1:59463','null'),(143,'消费记录','新增','/record/order','2019-06-22 23:28:11','1','Mr.AG','/127.0.0.1:59907','null'),(144,'消费记录','新增','/record/order','2019-06-22 23:28:51','1','Mr.AG','/127.0.0.1:60186','null'),(145,'消费记录','新增','/record/order','2019-06-22 23:29:11','1','Mr.AG','/127.0.0.1:60343','null'),(146,'消费记录','编辑','/record/order/{*}','2019-06-22 23:30:03','1','Mr.AG','/127.0.0.1:60741','null'),(147,'消费记录','新增','/record/order','2019-06-22 23:30:27','1','Mr.AG','/127.0.0.1:60919','null'),(148,'消费记录','新增','/record/order','2019-06-22 23:30:51','1','Mr.AG','/127.0.0.1:61089','null'),(149,'消费记录','新增','/record/order','2019-06-22 23:31:20','1','Mr.AG','/127.0.0.1:61307','null'),(150,'消费记录','新增','/record/order','2019-06-22 23:31:44','1','Mr.AG','/127.0.0.1:61480','null'),(151,'消费记录','新增','/record/order','2019-06-22 23:32:04','1','Mr.AG','/127.0.0.1:61624','null'),(152,'消费记录','新增','/record/order','2019-06-22 23:32:23','1','Mr.AG','/127.0.0.1:61765','null'),(153,'消费记录','编辑','/record/order/{*}','2019-06-22 23:32:37','1','Mr.AG','/127.0.0.1:61875','null'),(154,'消费记录','编辑','/record/order/{*}','2019-06-22 23:33:02','1','Mr.AG','/127.0.0.1:62058','null'),(155,'消费记录','编辑','/record/order/{*}','2019-06-22 23:33:16','1','Mr.AG','/127.0.0.1:62173','null'),(156,'消费记录','编辑','/record/order/{*}','2019-06-22 23:33:50','1','Mr.AG','/127.0.0.1:62415','null'),(157,'消费记录','编辑','/record/order/{*}','2019-06-22 23:34:53','1','Mr.AG','/127.0.0.1:62886','null'),(158,'消费记录','编辑','/record/order/{*}','2019-06-22 23:36:40','1','Mr.AG','/127.0.0.1:63741','null'),(159,'消费记录','新增','/record/order','2019-06-22 23:38:52','1','Mr.AG','/127.0.0.1:64678','null'),(160,'消费记录','新增','/record/order','2019-06-22 23:39:24','1','Mr.AG','/127.0.0.1:64911','null'),(161,'消费记录','新增','/record/order','2019-06-22 23:39:43','1','Mr.AG','/127.0.0.1:65051','null'),(162,'消费记录','新增','/record/order','2019-06-22 23:40:10','1','Mr.AG','/127.0.0.1:65251','null'),(163,'消费记录','新增','/record/order','2019-06-22 23:40:30','1','Mr.AG','/127.0.0.1:65404','null'),(164,'消费记录','新增','/record/order','2019-06-22 23:40:49','1','Mr.AG','/127.0.0.1:49153','null'),(165,'消费记录','新增','/record/order','2019-06-22 23:41:05','1','Mr.AG','/127.0.0.1:49275','null'),(166,'消费记录','新增','/record/order','2019-06-22 23:41:38','1','Mr.AG','/127.0.0.1:49521','null'),(167,'消费记录','新增','/record/order','2019-06-22 23:42:08','1','Mr.AG','/127.0.0.1:49757','null'),(168,'消费记录','新增','/record/order','2019-06-22 23:42:40','1','Mr.AG','/127.0.0.1:49979','null'),(169,'消费记录','编辑','/record/order/{*}','2019-06-22 23:42:51','1','Mr.AG','/127.0.0.1:50064','null'),(170,'消费记录','新增','/record/order','2019-06-22 23:43:47','1','Mr.AG','/127.0.0.1:50465','null'),(171,'消费记录','新增','/record/order','2019-06-22 23:44:12','1','Mr.AG','/127.0.0.1:50648','null'),(172,'消费记录','新增','/record/order','2019-06-22 23:44:42','1','Mr.AG','/127.0.0.1:50859','null'),(173,'消费记录','新增','/record/order','2019-06-22 23:46:47','1','Mr.AG','/127.0.0.1:51798','null'),(174,'消费记录','新增','/record/order','2019-06-22 23:47:08','1','Mr.AG','/127.0.0.1:51955','null'),(175,'消费记录','新增','/record/order','2019-06-23 13:49:12','1','Mr.AG','/127.0.0.1:58732','null'),(176,'消费记录','新增','/record/order','2019-06-23 13:49:38','1','Mr.AG','/127.0.0.1:58919','null'),(177,'菜单管理','编辑','/admin/menu/{*}','2019-06-23 14:12:34','1','Mr.AG','/127.0.0.1:52313','null'),(178,'菜单管理','新增元素','/admin/element','2019-06-23 14:13:12','1','Mr.AG','/127.0.0.1:52589','null'),(179,'菜单管理','新增元素','/admin/element','2019-06-23 14:13:51','1','Mr.AG','/127.0.0.1:52883','null'),(180,'菜单管理','新增元素','/admin/element','2019-06-23 14:14:14','1','Mr.AG','/127.0.0.1:53047','null'),(181,'菜单管理','新增元素','/admin/element','2019-06-23 14:14:41','1','Mr.AG','/127.0.0.1:53235','null'),(182,'菜单管理','编辑','/admin/menu/{*}','2019-06-23 14:48:49','1','Mr.AG','/127.0.0.1:51222','null'),(183,'菜单管理','编辑','/admin/menu/{*}','2019-06-23 14:48:55','1','Mr.AG','/127.0.0.1:51279','null'),(184,'菜单管理','编辑','/admin/menu/{*}','2019-06-23 14:54:15','1','Mr.AG','/127.0.0.1:53629','null'),(185,'菜单管理','编辑','/admin/menu/{*}','2019-06-23 14:54:25','1','Mr.AG','/127.0.0.1:53699','null'),(186,'菜单管理','新增元素','/admin/element','2019-06-23 22:01:09','1','Mr.AG','/127.0.0.1:56453','null'),(187,'菜单管理','新增元素','/admin/element','2019-06-23 22:02:12','1','Mr.AG','/127.0.0.1:56850','null'),(188,'菜单管理','新增元素','/admin/element','2019-06-23 22:04:51','1','Mr.AG','/127.0.0.1:57886','null'),(189,'菜单管理','新增元素','/admin/element','2019-06-23 22:05:16','1','Mr.AG','/127.0.0.1:58045','null'),(190,'经期记录','新增','/record/menstruation','2019-06-23 22:50:19','1','Mr.AG','/127.0.0.1:59412','null'),(191,'经期记录','删除','/record/menstruation/{*}','2019-06-23 22:50:44','1','Mr.AG','/127.0.0.1:59596','null'),(192,'经期记录','删除','/record/menstruation/{*}','2019-06-23 22:53:11','1','Mr.AG','/127.0.0.1:60651','null'),(193,'经期记录','新增','/record/menstruation','2019-06-23 23:03:52','1','Mr.AG','/127.0.0.1:65255','null'),(194,'经期记录','新增','/record/menstruation','2019-06-23 23:04:16','1','Mr.AG','/127.0.0.1:65430','null'),(195,'经期记录','删除','/record/menstruation/{*}','2019-06-23 23:11:53','1','Mr.AG','/127.0.0.1:52215','null'),(196,'经期记录','新增','/record/menstruation','2019-06-23 23:21:29','1','Mr.AG','/127.0.0.1:55442','null'),(197,'经期记录','删除','/record/menstruation/{*}','2019-06-23 23:28:34','1','Mr.AG','/127.0.0.1:58068','null'),(198,'经期记录','新增','/record/menstruation','2019-06-23 23:28:40','1','Mr.AG','/127.0.0.1:58106','null'),(199,'经期记录','新增','/record/menstruation','2019-06-23 23:29:38','1','Mr.AG','/127.0.0.1:58482','null'),(200,'经期记录','删除','/record/menstruation/{*}','2019-06-23 23:30:58','1','Mr.AG','/127.0.0.1:59054','null'),(201,'经期记录','删除','/record/menstruation/{*}','2019-06-27 23:22:10','1','Mr.AG','/127.0.0.1:50059','null'),(202,'经期记录','新增','/record/menstruation','2019-06-27 23:23:08','1','Mr.AG','/127.0.0.1:50422','null'),(203,'经期记录','删除','/record/menstruation/{*}','2019-06-27 23:50:08','1','Mr.AG','/127.0.0.1:60547','null'),(204,'经期记录','删除','/record/menstruation/{*}','2019-06-27 23:50:14','1','Mr.AG','/127.0.0.1:60580','null'),(205,'经期记录','新增','/record/menstruation','2019-06-27 23:50:21','1','Mr.AG','/127.0.0.1:60623','null'),(206,'消费记录','新增','/record/order','2019-06-28 13:47:44','1','Mr.AG','/127.0.0.1:57743','null'),(207,'消费记录','新增','/record/order','2019-06-28 13:49:09','1','Mr.AG','/127.0.0.1:58289','null'),(208,'菜单管理','编辑','/admin/menu/{*}','2019-06-28 14:02:11','1','Mr.AG','/127.0.0.1:63684','null'),(209,'用户管理','编辑','/admin/user/{*}','2019-06-28 14:33:53','1','Mr.AG','/127.0.0.1:60150','null'),(210,'用户管理','编辑','/admin/user/{*}','2019-06-28 14:34:22','1','Mr.AG','/127.0.0.1:60342','null'),(211,'用户管理','编辑','/admin/user/{*}','2019-06-28 14:34:26','1','Mr.AG','/127.0.0.1:60373','null'),(212,'用户管理','编辑','/admin/user/{*}','2019-06-28 14:34:30','1','Mr.AG','/127.0.0.1:60411','null'),(213,'消费记录','新增','/record/order','2019-06-29 20:08:12','8','牟明操','/127.0.0.1:61141','null'),(214,'消费记录','新增','/record/order','2019-06-29 20:13:27','8','牟明操','/127.0.0.1:63297','null'),(215,'消费记录','新增','/record/order','2019-06-29 21:45:56','8','牟明操','/127.0.0.1:60764','null'),(216,'消费记录','新增','/record/order','2019-06-29 21:47:06','8','牟明操','/127.0.0.1:61241','null'),(217,'消费记录','新增','/record/order','2019-06-29 21:47:26','8','牟明操','/127.0.0.1:61361','null'),(218,'消费记录','新增','/record/order','2019-06-29 21:48:02','8','牟明操','/127.0.0.1:61600','null'),(219,'消费记录','新增','/record/order','2019-06-29 21:49:57','8','牟明操','/127.0.0.1:62444','null'),(220,'消费类型','新增','/record/tradeType','2019-06-29 22:01:09','8','牟明操','/127.0.0.1:50634','null'),(221,'消费类型','编辑','/record/tradeType/{*}','2019-06-29 22:01:19','8','牟明操','/127.0.0.1:50728','null'),(222,'消费类型','新增','/record/tradeType','2019-06-29 22:03:46','8','牟明操','/127.0.0.1:51814','null'),(223,'消费类型','删除','/record/tradeType/{*}','2019-06-29 22:24:15','8','牟明操','/127.0.0.1:54073','null'),(224,'消费类型','删除','/record/tradeType/{*}','2019-06-29 22:24:17','8','牟明操','/127.0.0.1:54089','null'),(225,'消费类型','新增','/record/tradeType','2019-06-29 22:24:22','8','牟明操','/127.0.0.1:54130','null'),(226,'消费记录','新增','/record/order','2019-06-29 22:25:59','8','牟明操','/127.0.0.1:55167','null'),(227,'消费记录','新增','/record/order','2019-06-29 22:26:11','8','牟明操','/127.0.0.1:55254','null'),(228,'消费类型','新增','/record/tradeType','2019-06-29 22:27:12','10','梅妮','/127.0.0.1:55710','null'),(229,'消费类型','新增','/record/tradeType','2019-06-29 22:27:53','10','梅妮','/127.0.0.1:56020','null'),(230,'消费记录','新增','/record/order','2019-06-29 22:28:22','10','梅妮','/127.0.0.1:56246','null'),(231,'用户管理','编辑','/admin/user/{*}','2019-06-29 22:29:05','1','Mr.AG','/127.0.0.1:56603','null');

/*!40101 SET SQL_MODE=@OLD_SQL_MODE */;
/*!40014 SET FOREIGN_KEY_CHECKS=@OLD_FOREIGN_KEY_CHECKS */;
/*!40014 SET UNIQUE_CHECKS=@OLD_UNIQUE_CHECKS */;
/*!40111 SET SQL_NOTES=@OLD_SQL_NOTES */;
